l_english:
 brittany_area: "Bretania"
 brittany_area_name: "Bretania"
 brittany_area_adj: "Bretanii"
 normandy_area: "Normandia"
 normandy_area_name: "Normandia"
 normandy_area_adj: "Normandii"
 provence_area: "Prowansja"
 provence_area_name: "Prowansja"
 provence_area_adj: "Prowansji"
 guyenne_area: "Gujenna"
 guyenne_area_name: "Gujenna"
 guyenne_area_adj: "Gujenny"
 poitou_area: "Poitou"
 poitou_area_name: "Poitou"
 poitou_area_adj: "Poitou"
 sahel_region: "Sahel"
 sahel_region_name: "Sahelu"
 sahel_region_adj: "Sahelu"
 basque_country: "Waskonia"
 basque_country_name: "Kraj Basków"
 basque_country_adj: "Kraju Basków"
 pyrenees_area: "Gaskonia"
 pyrenees_area_name: "Gaskonia"
 pyrenees_area_adj: "Gaskonii"
 languedoc_area: "Langwedocja"
 languedoc_area_name: "Langwedocja"
 languedoc_area_adj: "Langwedocji"
 bourgogne_area: "Wschodnia Burgundia"
 bourgogne_area_name: "Burgundia"
 bourgogne_area_adj: "Burgundii"
 massif_central_area: "Owernia"
 massif_central_area_name: "Owernia"
 massif_central_area_adj: "Owernii"
 savoy_dauphine_area: "Sabaudia"
 savoy_dauphine_area_name: "Sabaudia"
 savoy_dauphine_area_adj: "Sabaudii"
 lorraine_area: "Lotaryngia"
 lorraine_area_name: "Lotaryngia"
 lorraine_area_adj: "Lotaryngii"
 picardy_area: "Pikardia"
 picardy_area_name: "Pikardia"
 picardy_area_adj: "Pikardii"
 champagne_area: "Szampania"
 champagne_area_name: "Szampania"
 champagne_area_adj: "Szampanii"
 holland_area: "Holandia"
 holland_area_name: "Holandia"
 holland_area_adj: "Holandii"
 ile_de_france_area: "Île-de-France"
 ile_de_france_area_name: "Paryż"
 ile_de_france_area_adj: "Paryża"
 seine_area: "Sekwana"
 seine_area_name: "Paryż"
 seine_area_adj: "Paryża"
 loire_area: "Dolina Loary"
 loire_area_name: "Andegawenia"
 loire_area_adj: "Andegawenii"
 wallonia_area: "Walonia"
 wallonia_area_name: "Walonia"
 wallonia_area_adj: "Walonii"
 flanders_area: "Flandria"
 flanders_area_name: "Flandria"
 flanders_area_adj: "Flandrii"
 brabant_area: "Południowa Brabancja"
 brabant_area_name: "Brabancja"
 brabant_area_adj: "Brabancji"
 netherlands_area: "Niderlandy"
 netherlands_area_name: "Niderlandy"
 netherlands_area_adj: "Niderlandów"
 frisia_area: "Fryzja"
 frisia_area_name: "Fryzja"
 frisia_area_adj: "Fryzji"
 aragon_area: "Aragonia"
 aragon_area_name: "Aragonia"
 aragon_area_adj: "Aragonii"
 catalonia_area: "Katalonia"
 catalonia_area_name: "Katalonia"
 catalonia_area_adj: "Katalonii"
 valencia_area: "Walencja"
 valencia_area_name: "Walencja"
 valencia_area_adj: "Walencji"
 lower_andalucia_area: "Dolna Andaluzja"
 lower_andalucia_area_name: "Kordoba"
 lower_andalucia_area_adj: "Kordoby"
 upper_andalucia_area: "Górna Andaluzja"
 upper_andalucia_area_name: "Grenada"
 upper_andalucia_area_adj: "Grenady"
 castille_area: "Kastylia"
 castille_area_name: "Kastylia"
 castille_area_adj: "Kastylii"
 toledo_area: "Toledo"
 toledo_area_name: "Toledo"
 toledo_area_adj: "Toleda"
 asturias_area: "Asturia"
 asturias_area_name: "Asturia"
 asturias_area_adj: "Asturii"
 leon_area: "León"
 leon_area_name: "León"
 leon_area_adj: "Leónu"
 basque_area: "Kraj Basków"
 basque_area_name: "Euskadi"
 basque_area_adj: "Kraju Basków"
 beieras_area: "Beira"
 beieras_area_name: "Beira"
 beieras_area_adj: "Beiry"
 alentejo_area: "Alentejo"
 alentejo_area_name: "Alentejo"
 alentejo_area_adj: "Alentejo"
 macaronesia_area: "Makaronezja"
 macaronesia_area_name: "Makaronezja"
 macaronesia_area_adj: "Makaronezji"
 venetia_area: "Wenecja"
 venetia_area_name: "Wenecja"
 venetia_area_adj: "Wenecji"
 lombardy_area: "Lombardia"
 lombardy_area_name: "Lombardia"
 lombardy_area_adj: "Lombardii"
 piedmont_area: "Piemont"
 piedmont_area_name: "Piemont"
 piedmont_area_adj: "Piemontu"
 tuscany_area: "Toskania"
 tuscany_area_name: "Toskania"
 tuscany_area_adj: "Toskanii"
 liguria_area: "Liguria"
 liguria_area_name: "Liguria"
 liguria_area_adj: "Ligurii"
 corsica_sardinia_area: "Wyspy Zach. Morza Śródziemnego"
 corsica_sardinia_area_name: "Sardynia"
 corsica_sardinia_area_adj: "Sardynii"
 sicily_area: "Wschodnia Sycylia"
 sicily_area_name: "Wschodnia Sycylia"
 sicily_area_adj: "Wschodniej Sycylii"
 naples_area: "Kampania"
 naples_area_name: "Neapol"
 naples_area_adj: "Neapolu"
 calabria_area: "Kalabria"
 calabria_area_name: "Kalabria"
 calabria_area_adj: "Kalabrii"
 apulia_area: "Apulia"
 apulia_area_name: "Apulia"
 apulia_area_adj: "Apulii"
 emilia_romagna_area: "Emilia-Romania"
 emilia_romagna_area_name: "Emilia"
 emilia_romagna_area_adj: "Emilii"
 central_italy_area: "Marche-Abruzja"
 central_italy_area_name: "Marche"
 central_italy_area_adj: "Marche"
 ireland_area: "Irlandia"
 ireland_area_name: "Irlandia"
 ireland_area_adj: "Irlandii"
 highlands_area: "Szkocja Wyżynna"
 highlands_area_name: "Szkocja Wyżynna"
 highlands_area_adj: "Szkocji Wyżynnej"
 lowlands_area: "Szkocja Nizinna"
 lowlands_area_name: "Szkocja Nizinna"
 lowlands_area_adj: "Szkocji Nizinnej"
 kingdom_of_the_isles_area: "Wyspy"
 kingdom_of_the_isles_area_name: "Mann"
 kingdom_of_the_isles_area_adj: "Man"
 east_midlands_area: "East Midlands"
 east_midlands_area_name: "Mercja"
 east_midlands_area_adj: "Mercji"
 west_midlands_area: "West Midlands"
 west_midlands_area_name: "Lincolnshire"
 west_midlands_area_adj: "Lincolnshire"
 yorkshire_area: "Yorkshire"
 yorkshire_area_name: "York"
 yorkshire_area_adj: "Yorku"
 scottish_marches_area: "Północna Anglia"
 scottish_marches_area_name: "Nortumbria"
 scottish_marches_area_adj: "Północnej Anglii"
 home_counties_area: "Londyn"
 home_counties_area_name: "Anglia"
 home_counties_area_adj: "Anglii"
 wales_area: "Walia"
 wales_area_name: "Walia"
 wales_area_adj: "Walii"
 northern_england_area: "Nortumbria"
 northern_england_area_name: "Nortumbria"
 northern_england_area_adj: "Nortumbrii"
 mercia_area: "Mercja"
 mercia_area_name: "Mercja"
 mercia_area_adj: "Mercji"
 wessex_area: "Wessex"
 wessex_area_name: "Wessex"
 wessex_area_adj: "Wessexu"
 east_anglia_area: "Wschodnia Anglia"
 east_anglia_area_name: "Anglia"
 east_anglia_area_adj: "Anglii"
 denmark_area: "Dania"
 denmark_area_name: "Dania"
 denmark_area_adj: "Danii"
 jutland_area: "Północna Jutlandia"
 jutland_area_name: "Jutlandia"
 jutland_area_adj: "Jutlandii"
 skaneland_area: "Skåneland"
 skaneland_area_name: "Skania"
 skaneland_area_adj: "Skanii"
 gotaland_area: "Östra Götaland"
 gotaland_area_name: "Gotalandia"
 gotaland_area_adj: "Gotalandii"
 vastra_gotaland_area: "Västra Götaland"
 vastra_gotaland_area_adj: "Skary"
 vastra_gotaland_area_name: "Skaraborg"
 svealand_area: "Västra Svealand"
 svealand_area_name: "Szwecja"
 svealand_area_adj: "Szwecji"
 ostra_svealand_area: "Östra Svealand"
 ostra_svealand_area_name: "Dalarna"
 ostra_svealand_area_adj: "Dalarny"
 baltic_islands_area: "Wyspy Bałtyckie"
 baltic_islands_area_name: "Baltia"
 baltic_islands_area_adj: "Bałtyku"
 norrland_area: "Norrland"
 norrland_area_name: "Norrland"
 norrland_area_adj: "Norrland"
 finland_area: "Finlandia"
 finland_area_name: "Finlandia"
 finland_area_adj: "Finlandii"
 karelia_area: "Południowa Karelia"
 karelia_area_name: "Karelia"
 karelia_area_adj: "Karelii"
 north_karelia: "Północna Karelia"
 north_karelia_adj: "Ołońca"
 north_karelia_name: "Ołoniec"
 northern_norway: "Trøndelag"
 northern_norway_name: "Trøndelag"
 northern_norway_adj: "Trøndelagu"
 eastern_norway: "Østlandet"
 eastern_norway_name: "Norwegia"
 eastern_norway_adj: "Norwegii"
 western_norway: "Vestlandet"
 western_norway_name: "Bergenshus"
 western_norway_adj: "Bergenshus"
 subarctic_islands_area: "Wyspy Północnoatlantyckie"
 subarctic_islands_area_name: "Wyspy Owcze"
 subarctic_islands_area_adj: "Wysp Owczych"
 greenland_area: "Grenlandia"
 greenland_area_name: "Grenlandia"
 greenland_area_adj: "Grenlandii"
 iceland_area: "Islandia"
 iceland_area_name: "Islandia"
 iceland_area_adj: "Islandii"
 estonia_ingria_area: "Estonia"
 estonia_ingria_area_name: "Estonia"
 estonia_ingria_area_adj: "Estonii"
 livonia_area: "Liwonia"
 livonia_area_name: "Liwonia"
 livonia_area_adj: "Liwonii"
 curonia_area: "Kurlandia"
 curonia_area_name: "Kurlandia"
 curonia_area_adj: "Kurlandii"
 east_prussia_area: "Prusy Wschodnie"
 east_prussia_area_name: "Prusy"
 east_prussia_area_adj: "Prus"
 west_prussia_area: "Prusy Zachodnie"
 west_prussia_area_name: "Chełmno"
 west_prussia_area_adj: "Chełmna"
 pomerelia_area: "Pomorze Gdańskie"
 pomerelia_area_name: "Pomorza Gdańskiego"
 pomerelia_area_adj: "Pomorza Gdańskiego"
 wielkopolska_area: "Wielkopolska"
 wielkopolska_area_name: "Wielkopolska"
 wielkopolska_area_adj: "Wielkopolski"
 central_poland_area: "Środkowa Polska"
 central_poland_area_name: "Środkowa Polska"
 central_poland_area_adj: "Środkowej Polski"
 sandomierz_area: "Sandomierz"
 sandomierz_area_name: "Sandomierz"
 sandomierz_area_adj: "Sandomierza"
 kuyavia_area: "Kujawy"
 kuyavia_area_name: "Kujawy"
 kuyavia_area_adj: "Kujaw"
 malopolska_area: "Małopolska"
 malopolska_area_name: "Małopolska"
 malopolska_area_adj: "Małopolski"
 podolia_volhynia_area: "Podole"
 podolia_volhynia_area_name: "Podole"
 podolia_volhynia_area_adj: "Podola"
 pripyat_area: "Prypeć"
 pripyat_area_name: "Brześć"
 pripyat_area_adj: "Brześcia"
 podlasie_area: "Podlasie"
 podlasie_area_name: "Podlasie"
 podlasie_area_adj: "Podlasia"
 mazovia_area: "Mazowsze"
 mazovia_area_name: "Mazowsze"
 mazovia_area_adj: "Mazowsza"
 lithuania_area: "Auksztota"
 lithuania_area_name: "Auksztota"
 lithuania_area_adj: "Auksztoty"
 samogitia_area: "Żmudź"
 samogitia_area_name: "Żmudź"
 samogitia_area_adj: "Żmudzi"
 volhynia_area: "Wołyń"
 volhynia_area_name: "Wołyń"
 volhynia_area_adj: "Wołynia"
 west_dniepr_area: "Zachodni Dniepr"
 west_dniepr_area_name: "Czerkasy"
 west_dniepr_area_adj: "Czerkasów"
 east_dniepr_area: "Wschodni Dniepr"
 east_dniepr_area_name: "Połtawa"
 east_dniepr_area_adj: "Połtawy"
 chernigov_area: "Czernihów"
 chernigov_area_name: "Czernihów"
 chernigov_area_adj: "Czernihowa"
 sloboda_ukraine_area: "Słobodszczyzna"
 sloboda_ukraine_area_name: "Charków"
 sloboda_ukraine_area_adj: "Charkowa"
 azov_area: "Azow"
 azov_area_name: "Azow"
 azov_area_adj: "Azowa"
 zaporizhia_area: "Zaporoże"
 zaporizhia_area_name: "Zaporoże"
 zaporizhia_area_adj: "Zaporoża"
 yedisan_area: "Jedysan"
 yedisan_area_name: "Jedysan"
 yedisan_area_adj: "Jedysanu"
 crimea_area: "Krym"
 crimea_area_name: "Krym"
 crimea_area_adj: "Krymu"
 white_ruthenia_area: "Ruś Biała"
 white_ruthenia_area_adj: "Rusi Białej"
 white_ruthenia_area_name: "Ruś Biała"
 red_ruthenia_area: "Ruś Czerwona"
 red_ruthenia_area_name: "Ruś Czerwona"
 red_ruthenia_area_adj: "Rusi Czerwonej"
 ryazan_area: "Riazań"
 ryazan_area_name: "Riazań"
 ryazan_area_adj: "Riazania"
 moscow_area: "Moskwa"
 moscow_area_name: "Moskwa"
 moscow_area_adj: "Moskwy"
 suzdal_area: "Suzdal"
 suzdal_area_name: "Suzdal"
 suzdal_area_adj: "Suzdalu"
 smolensk_area: "Smoleńsk"
 smolensk_area_name: "Smoleńsk"
 smolensk_area_adj: "Smoleńska"
 novgorod_area: "Nowogród"
 novgorod_area_name: "Nowogród"
 novgorod_area_adj: "Nowogrodu"
 pskov_area: "Psków"
 pskov_area_name: "Psków"
 pskov_area_adj: "Pskowa"
 beloozero_area: "Biełoziero"
 beloozero_area_name: "Biełoziero"
 beloozero_area_adj: "Biełoziera"
 astrakhan_area: "Astrachań"
 astrakhan_area_name: "Astrachań"
 astrakhan_area_adj: "Astrachania"
 lower_don_area: "Dolny Don"
 lower_don_area_name: "Czerkask"
 lower_don_area_adj: "Czerkaska"
 kazan_area: "Kazań"
 kazan_area_name: "Kazań"
 kazan_area_adj: "Kazania"
 samara_area: "Samara"
 samara_area_name: "Samara"
 samara_area_adj: "Samary"
 lower_yik_area: "Dolny Yik"
 lower_yik_area_name: "Ryn"
 lower_yik_area_adj: "Rynu"
 nogai_area: "Nogaj"
 nogai_area_name: "Nogaj"
 nogai_area_adj: "Nogaju"
 ural_area: "Ural"
 ural_area_name: "Ural"
 ural_area_adj: "Uralu"
 pomor_area: "Pomorie"
 pomor_area_name: "Pomorie"
 pomor_area_adj: "Pomoria"
 bashkiria_area: "Baszkiria"
 bashkiria_area_name: "Baszkiria"
 bashkiria_area_adj: "Baszkirii"
 galich_area: "Galicz"
 galich_area_name: "Galicz"
 galich_area_adj: "Galicza"
 kama_area: "Kama"
 kama_area_name: "Kama"
 kama_area_adj: "Kamy"
 tambov_area: "Tambow"
 tambov_area_name: "Tambow"
 tambov_area_adj: "Tambowa"
 saratov_area: "Saratów"
 saratov_area_name: "Saratów"
 saratov_area_adj: "Saratowa"
 silesia_area: "Śląsk"
 silesia_area_name: "Śląsk"
 silesia_area_adj: "Śląska"
 bohemia_area: "Czechy"
 bohemia_area_name: "Czechy"
 bohemia_area_adj: "Czech"
 erzgebirge_area: "Rudawy"
 erzgebirge_area_name: "Pilzno"
 erzgebirge_area_adj: "Pilzna"
 south_saxony_area: "Saksonia"
 south_saxony_area_name: "Miśnia"
 south_saxony_area_adj: "Miśnii"
 lower_bavaria_area: "Dolna Bawaria"
 lower_bavaria_area_name: "Górny Palatynat"
 lower_bavaria_area_adj: "Górnego Palatynatu"
 upper_bavaria_area: "Górna Bawaria"
 upper_bavaria_area_name: "Bawaria"
 upper_bavaria_area_adj: "Bawarii"
 franconia_area: "Dolna Frankonia"
 franconia_area_name: "Dolna Frankonia"
 franconia_area_adj: "Dolnej Frankonii"
 lower_swabia_area: "Zachodnia Szwabia"
 lower_swabia_area_name: "Szwabia"
 lower_swabia_area_adj: "Szwabii"
 upper_swabia_area: "Wschodnia Szwabia"
 upper_swabia_area_name: "Konstancja"
 upper_swabia_area_adj: "Konstancji"
 northern_saxony_area: "Saksonia-Anhalt"
 northern_saxony_area_name: "Stara Marchia"
 northern_saxony_area_adj: "Starej Marchii"
 thuringia_area: "Turyngia"
 thuringia_area_name: "Turyngia"
 thuringia_area_adj: "Turyngii"
 neumark_area: "Nowa Marchia"
 neumark_area_name: "Nowa Marchia"
 neumark_area_adj: "Nowej Marchii"
 mittelmark_area: "Marchia Środkowa"
 mittelmark_area_name: "Marchia Środkowa"
 mittelmark_area_adj: "Marchii Środkowej"
 vorpommern_area: "Pomorze Przednie"
 vorpommern_area_name: "Pomorze Przednie"
 vorpommern_area_adj: "Pomorza Przedniego"
 hinter_pommern_area: "Pomorze Tylne"
 hinter_pommern_area_name: "Pomorze Tylne"
 hinter_pommern_area_adj: "Pomorza Tylnego"
 tirol_area: "Tyrol"
 tirol_area_name: "Tyrol"
 tirol_area_adj: "Tyrolu"
 austria_proper_area: "Austria Właściwa"
 austria_proper_area_name: "Austria"
 austria_proper_area_adj: "Austrii"
 inner_austria_area: "Austria Wewnętrzna"
 inner_austria_area_name: "Karyntia"
 inner_austria_area_adj: "Karyntii"
 carinthia_area: "Kraina"
 carinthia_area_name: "Kraina"
 carinthia_area_adj: "Krainy"
 switzerland_area: "Szwajcaria"
 switzerland_area_name: "Szwajcaria"
 switzerland_area_adj: "Szwajcarii"
 romandie_area: "Romandia"
 romandie_area_name: "Romandia"
 romandie_area_adj: "Romandii"
 upper_rhineland_area: "Badenia"
 upper_rhineland_area_name: "Badenia"
 upper_rhineland_area_adj: "Badenii"
 palatinate_area: "Palatynat"
 palatinate_area_name: "Palatynat"
 palatinate_area_adj: "Palatynatu"
 north_rhine_area: "Północny Ren"
 north_rhine_area_name: "Kleve"
 north_rhine_area_adj: "Kleve"
 lower_rhineland_area: "Dolna Nadrenia"
 lower_rhineland_area_name: "Julich"
 lower_rhineland_area_adj: "Julich"
 luxemburg_liege_area: "Liege"
 luxemburg_liege_area_name: "Liege"
 luxemburg_liege_area_adj: "Liege"
 westphalia_area: "Południowa Westfalia"
 westphalia_area_name: "Westfalia"
 westphalia_area_adj: "Westfalii"
 hesse_area: "Hesja"
 hesse_area_name: "Hesja"
 hesse_area_adj: "Hesji"
 lower_saxony_area: "Dolna Saksonia"
 lower_saxony_area_name: "Callenberg"
 lower_saxony_area_adj: "Cellenberga"
 weser_area: "Wezera"
 weser_area_name: "Brema"
 weser_area_adj: "Bremy"
 holstein_area: "Szlezwik-Holsztyn"
 holstein_area_name: "Holsztyn"
 holstein_area_adj: "Holsztynu"
 braunschweig_area: "Brunszwik"
 braunschweig_area_name: "Brunszwik"
 braunschweig_area_adj: "Brunszwiku"
 mecklenburg_area: "Meklemburgia"
 mecklenburg_area_name: "Meklemburgia"
 mecklenburg_area_adj: "Meklemburgii"
 macedonia_area: "Macedonia"
 macedonia_area_name: "Macedonia"
 macedonia_area_adj: "Macedonii"
 morea_area: "Morea"
 morea_area_name: "Morea"
 morea_area_adj: "Morei"
 northern_greece_area: "Północna Grecja"
 northern_greece_area_name: "Tesalia"
 northern_greece_area_adj: "Tesalii"
 thrace_area: "Tracja"
 thrace_area_name: "Tracja"
 thrace_area_adj: "Tracji"
 bulgaria_area: "Bułgaria"
 bulgaria_area_name: "Bułgaria"
 bulgaria_area_adj: "Bułgarii"
 wallachia_area: "Wołoszczyzna"
 wallachia_area_name: "Wołoszczyzna"
 wallachia_area_adj: "Wołoszczyzny"
 moldavia_area: "Mołdawia"
 moldavia_area_name: "Mołdawia"
 moldavia_area_adj: "Mołdawii"
 transylvania_area: "Północny Siedmiogród"
 transylvania_area_name: "Siedmiogród"
 transylvania_area_adj: "Siedmiogrodu"
 southern_transylvania_area: "Południowy Siedmiogród"
 southern_transylvania_area_name: "Kiralyföld"
 southern_transylvania_area_adj: "Kirali"
 slovakia_area: "Słowacja"
 slovakia_area_name: "Słowacja"
 slovakia_area_adj: "Słowacji"
 serbia_area: "Serbia"
 serbia_area_name: "Serbia"
 serbia_area_adj: "Serbii"
 rascia_area: "Raszka"
 rascia_area_name: "Raszka"
 rascia_area_adj: "Raszki"
 albania_area: "Albania"
 albania_area_name: "Albania"
 albania_area_adj: "Albanii"
 bosnia_area: "Bośnia"
 bosnia_area_name: "Bośnia"
 bosnia_area_adj: "Bośni"
 croatia_area: "Chorwacja"
 croatia_area_name: "Chorwacja"
 croatia_area_adj: "Chorwacji"
 east_adriatic_coast_area: "Dalmacja"
 east_adriatic_coast_area_name: "Dalmacja"
 east_adriatic_coast_area_adj: "Dalmacji"
 alfold_area: "Wlk. Nizina Węgierska"
 alfold_area_name: "Debreczyn"
 alfold_area_adj: "Debreczyna"
 transdanubia_area: "Kraj Zadunajski"
 transdanubia_area_name: "Kraj Zadunajski"
 transdanubia_area_adj: "Kraju Zadunajskiego"
 georgia_area: "Gruzja"
 georgia_area_name: "Gruzja"
 georgia_area_adj: "Gruzji"
 odishi_area: "Odishi"
 odishi_area_name: "Imeretia"
 odishi_area_adj: "Imeretii"
 armenia_area: "Armenia"
 armenia_area_name: "Armenia"
 armenia_area_adj: "Armenii"
 north_kurdistan_area: "Kurdystan"
 north_kurdistan_area_name: "Kurdystan"
 north_kurdistan_area_adj: "Kurdystanu"
 shirvan_area: "Szyrwan"
 shirvan_area_name: "Szyrwan"
 shirvan_area_adj: "Szyrwanu"
 circassia_area: "Czerkiesja"
 circassia_area_name: "Czerkiesja"
 circassia_area_adj: "Czerkiesji"
 dagestan_area: "Dagestan"
 dagestan_area_name: "Dagestan"
 dagestan_area_adj: "Dagestanu"
 rum_area: "Rum"
 rum_area_name: "Rum"
 rum_area_adj: "Rumu"
 erzurum_area: "Erzurum"
 erzurum_area_name: "Erzurum"
 erzurum_area_adj: "Erzurum"
 karaman_area: "Karaman"
 karaman_area_name: "Karaman"
 karaman_area_adj: "Karamanu"
 hudavendigar_area: "Hüdavendigar"
 hudavendigar_area_name: "Bursa"
 hudavendigar_area_adj: "Bursan"
 aydin_area: "Aydin"
 aydin_area_name: "Aydin"
 aydin_area_adj: "Aydinu"
 kastamonu_area: "Karadeniz"
 kastamonu_area_name: "Kastamonu"
 kastamonu_area_adj: "Kastamonu"
 aleppo_area: "Aleppo"
 aleppo_area_name: "Cylicja"
 aleppo_area_adj: "Cylicji"
 syria_area: "Syria"
 syria_area_name: "Syria"
 syria_area_adj: "Syrii"
 palestine_area: "Palestyna"
 palestine_area_name: "Palestyna"
 palestine_area_adj: "Palestyny"
 dulkadir_area: "Dulkadir"
 dulkadir_area_name: "Dulkadir"
 dulkadir_area_adj: "Dulkadiru"
 eastern_mediterrenean_islands_area: "Wyspy Wsch. Morza Śródziemnego"
 eastern_mediterrenean_islands_area_name: "Rodos"
 eastern_mediterrenean_islands_area_adj: "Rodos"
 eastern_aegean_area: "Wschodniego Morza Egejskiego"
 eastern_aegean_area_name: "Lesbos"
 eastern_aegean_area_adj: "Lesbos"
 western_aegean_area: "Zachodniego Morza Egejskiego"
 western_aegean_area_name: "Eubea"
 western_aegean_area_adj: "Eubei"
 rakka_area: "Rakka"
 rakka_area_name: "Rakka"
 rakka_area_adj: "Rakki"
 al_jazira_area: "Al-Dżazira"
 al_jazira_area_name: "Al-Dżazira"
 al_jazira_area_adj: "Al-Dżaziry"
 iraq_arabi_area: "Irak Arabski"
 iraq_arabi_area_name: "Irak"
 iraq_arabi_area_adj: "Iraku"
 basra_area: "Basra"
 basra_area_name: "Basra"
 basra_area_adj: "Basry"
 south_kurdistan_area: "Południowy Kurdystan"
 south_kurdistan_area_name: "Szahrizor"
 south_kurdistan_area_adj: "Szahrizoru"
 bahrain_area: "Bahrajn"
 bahrain_area_name: "Bahrajn"
 bahrain_area_adj: "Bahrajnu"
 sarat_area: "Sarat"
 sarat_area_name: "Sarat"
 sarat_area_adj: "Saratu"
 pirate_coast_area: "Wybrzeże Piratów"
 pirate_coast_area_adj: "Bani Jas"
 pirate_coast_area_name: "Bani Jas"
 yamamah_area: "al-Jamama"
 yamamah_area_name: "Nadżd"
 yamamah_area_adj: "Nadżdu"
 qasim_area: "Al-Kasim"
 qasim_area_name: "Kasim"
 qasim_area_adj: "Kasimu"
 hejaz_area: "Hidżaz"
 hejaz_area_name: "Hidżaz"
 hejaz_area_adj: "Hidżazu"
 tabuk_area: "Tabuk"
 tabuk_area_name: "Tabuk"
 tabuk_area_adj: "Tabuku"
 yemen_area: "Dolny Jemen"
 yemen_area_name: "Jemen"
 yemen_area_adj: "Jemenu"
 hadramut_area: "Hadramut"
 hadramut_area_name: "Hadramut"
 hadramut_area_adj: "Hadramut"
 dhofar_area: "Zufar"
 dhofar_area_name: "Zufar"
 dhofar_area_adj: "Zufaru"
 oman_area: "Oman"
 oman_area_name: "Oman"
 oman_area_adj: "Omanu"
 gharbia_area: "Gharbia"
 gharbia_area_name: "Aleksandria"
 gharbia_area_adj: "Aleksandrii"
 sharqiya_area: "Szark"
 sharqiya_area_name: "Synaj"
 sharqiya_area_adj: "Synaju"
 central_egypt_area: "Egipt Środkowy"
 central_egypt_area_name: "Egipt"
 central_egypt_area_adj: "Egiptu"
 upper_egypt_area: "Górny Egipt"
 upper_egypt_area_name: "Asuan"
 upper_egypt_area_adj: "Asuanu"
 libyan_desert_area: "Pustynia Libijska"
 libyan_desert_area_name: "Charga"
 libyan_desert_area_adj: "Chargi"
 cyrenaica_area: "Cyrenajka"
 cyrenaica_area_name: "Cyrenajka"
 cyrenaica_area_adj: "Cyrenajki"
 tripolitania_area: "Trypolitania"
 tripolitania_area_name: "Trypolitania"
 tripolitania_area_adj: "Trypolitanii"
 fezzan_area: "Fezzan"
 fezzan_area_name: "Fezzan"
 fezzan_area_adj: "Fezzanu"
 tunisia_area: "Tunezja"
 tunisia_area_name: "Tunezja"
 tunisia_area_adj: "Tunezji"
 kabylia_area: "Kabylia"
 kabylia_area_name: "Kabylia"
 kabylia_area_adj: "Kabylii"
 algiers_area: "Algier"
 algiers_area_name: "Algier"
 algiers_area_adj: "Algieru"
 hautes_plaines_area: "Górne Równiny"
 hautes_plaines_area_name: "Titteri"
 hautes_plaines_area_adj: "Titteri"
 ouled_nail_area: "Ouled Nail"
 ouled_nail_area_name: "Ouled Nail"
 ouled_nail_area_adj: "Ouled Nail"
 djerba_area: "Dżerba"
 djerba_area_name: "Dżerba"
 djerba_area_adj: "Tatawinu"
 north_saharan_area: "Północna Sahara"
 north_saharan_area_name: "Dżerid"
 north_saharan_area_adj: "Dżeridu"
 tafilalt_area: "Tafilalt"
 tafilalt_area_name: "Tafilalt"
 tafilalt_area_adj: "Tafilaltu"
 sus_area: "Sus"
 sus_area_name: "Sus"
 sus_area_adj: "Susu"
 marrekesh_area: "Środkowe Maroko"
 marrekesh_area_name: "Marrakesz"
 marrekesh_area_adj: "Marrakeszu"
 western_morocco_area: "Gharb"
 western_morocco_area_name: "Asfi"
 western_morocco_area_adj: "Asfi"
 southern_morocco_area: "Południowe Maroko"
 southern_morocco_area_name: "Saadia"
 southern_morocco_area_adj: "Saadii"
 fez_area: "Fez"
 fez_area_name: "Fez"
 fez_area_adj: "Fezu"
 northern_morocco_area: "Północne Maroko"
 northern_morocco_area_name: "Ceuta"
 northern_morocco_area_adj: "Ceuty"
 madagascar_area: "Madagaskar"
 madagascar_area_name: "Madagaskar"
 madagascar_area_adj: "Madagaskaru"
 bunyoro_area: "Bunjoro"
 bunyoro_area_name: "Bunjoro"
 bunyoro_area_adj: "Bunjoro"
 uganda_area: "Uganda"
 uganda_area_name: "Uganda"
 uganda_area_adj: "Ugandy"
 rwanda_area: "Rwanda"
 rwanda_area_name: "Rwanda"
 rwanda_area_adj: "Rwandy"
 jubba_area: "Dżuba"
 jubba_area_name: "Dżuba"
 jubba_area_adj: "Dżuby"
 tanzania_area: "Tanzania"
 tanzania_area_name: "Tanzania"
 tanzania_area_adj: "Tanzanii"
 buha_area: "Buha"
 buha_area_name: "Buha"
 buha_area_adj: "Buhy"
 buzinza_area: "Buzinza"
 buzinza_area_name: "Buzinza"
 buzinza_area_adj: "Buzinzy"
 luba_area: "Luba"
 luba_area_name: "Luba"
 luba_area_adj: "Luby"
 katanga_area: "Shaba"
 katanga_area_name: "Katanga"
 katanga_area_adj: "Katangi"
 chokwe_area: "Czokwe"
 chokwe_area_name: "Czokwe"
 chokwe_area_adj: "Czokwe"
 zambia_area: "Zambia"
 zambia_area_name: "Zambia"
 zambia_area_adj: "Zambii"
 lower_zambezi_area: "Dolna Zambezi"
 lower_zambezi_area_name: "Zambezi"
 lower_zambezi_area_adj: "Zambezi"
 upper_zambezi_area: "Górna Zambezi"
 upper_zambezi_area_name: "Nsenga"
 upper_zambezi_area_adj: "Nsengi"
 butua_area: "Butua"
 butua_area_name: "Butua"
 butua_area_adj: "Butuy"
 shire_area: "Shire"
 shire_area_name: "Malawi"
 shire_area_adj: "Malawi"
 coastal_kongo: "Wybrzeże Konga"
 coastal_kongo_name: "Soyo"
 coastal_kongo_adj: "Soyo"
 lower_kasai: "Dolna Kasai"
 lower_kasai_name: "Tyo"
 lower_kasai_adj: "Tyo"
 sankuru_area: "Sankuru"
 sankuru_area_adj: "Sankuru"
 sankuru_area_name: "Sankuru"
 kasai_area: "Kasai"
 kasai_area_name: "Kasai"
 kasai_area_adj: "Kasai"
 matamba_area: "Matamba"
 matamba_area_name: "Matamba"
 matamba_area_adj: "Matamby"
 ngonde_area: "Ngonde"
 ngonde_area_adj: "Ngonde"
 ngonde_area_name: "Ngonde"
 uticulo_makuana_area: "Makuana"
 uticulo_makuana_area_name: "Makuana"
 uticulo_makuana_area_adj: "Makuany"
 ruvuma_area: "Ruvuma"
 ruvuma_area_name: "Ruvuma"
 ruvuma_area_adj: "Ruvumy"
 zimbabwe_area: "Zimbabwe"
 zimbabwe_area_name: "Zimbabwe"
 zimbabwe_area_adj: "Zimbabwe"
 mozambique_area: "Mozambik"
 mozambique_area_name: "Mozambiku"
 mozambique_area_adj: "Mozambiku"
 central_swahili_coast_area: "Środkowe Wybrzeże Suahili"
 central_swahili_coast_area_name: "Zanzibar"
 central_swahili_coast_area_adj: "Zanzibaru"
 mombasa_area: "Mombasa"
 mombasa_area_name: "Mombasa"
 mombasa_area_adj: "Mombasy"
 northern_swahili_coast_area: "Północne Wybrzeże Suahili"
 northern_swahili_coast_area_name: "Pate"
 northern_swahili_coast_area_adj: "Pate"
 east_african_islands_area: "Wyspy Afryki Wsch."
 east_african_islands_area_name: "Kilwa"
 east_african_islands_area_adj: "Kilwy"
 ogaden_area: "Ogaden"
 ogaden_area_name: "Ogaden"
 ogaden_area_adj: "Ogadenu"
 darfur_central_sahara_area: "Środkowa Sahara"
 darfur_central_sahara_area_name: "Darfuru"
 darfur_central_sahara_area_adj: "Darfuru"
 kurdufan_area: "Kordofan"
 kurdufan_area_name: "Kordofan"
 kurdufan_area_adj: "Kordofanu"
 lower_nubia_area: "Dolna Nubia"
 lower_nubia_area_name: "Nubia"
 lower_nubia_area_adj: "Nubii"
 sennar_area: "Sennar"
 sennar_area_name: "Sennar"
 sennar_area_adj: "Sennaru"
 dongola_area: "Dongola"
 dongola_area_name: "Dongola"
 dongola_area_adj: "Dongoli"
 upper_nubia_area: "Górna Nubia"
 upper_nubia_area_name: "Alwa"
 upper_nubia_area_adj: "Alwy"
 red_sea_coast_area: "Wybrzeże Morza Czerwonego"
 red_sea_coast_area_name: "Medri Bahri"
 red_sea_coast_area_adj: "Medri Bahri"
 aussa_area: "Aussa"
 aussa_area_name: "Aussa"
 aussa_area_adj: "Aussy"
 tigray_area: "Tigraj"
 tigray_area_name: "Tigraj"
 tigray_area_adj: "Tigraju"
 damot_area: "Damot"
 damot_area_name: "Damot"
 damot_area_adj: "Damotu"
 shewa_area: "Szewa"
 shewa_area_name: "Szewa"
 shewa_area_adj: "Szewy"
 bete_amhara_area: "Bete Amhara"
 ifat_area: "Ifat"
 ifat_area_name: "Ifat"
 ifat_area_adj: "Ifatu"
 somaliland_area: "Somaliland"
 somaliland_area_name: "Somalilandu"
 somaliland_area_adj: "Somali"
 southern_ethiopia_area: "Kaffa"
 southern_ethiopia_area_name: "Kaffa"
 southern_ethiopia_area_adj: "Kaffy"
 hadiya_area: "Hadija"
 hadiya_area_name: "Hadija"
 hadiya_area_adj: "Hadiji"
 central_ethiopia_area: "Etiopia Środkowa"
 central_ethiopia_area_name: "Etiopia"
 central_ethiopia_area_adj: "Etiopii"
 mogadishu_area: "Mogadiszu"
 mogadishu_area_name: "Mogadiszu"
 mogadishu_area_adj: "Mogadiszu"
 ajuuran_area: "Ajuran"
 ajuuran_area_name: "Ajuran"
 ajuuran_area_adj: "Ajuranu"
 majarteen_area: "Majeerteen"
 majarteen_area_name: "Majeerteen"
 majarteen_area_adj: "Majeerteen"
 mascarenes_area: "Maskareny"
 mascarenes_area_name: "Maskareny"
 mascarenes_area_adj: "Maskarenów"
 indian_ocean_islands_area: "Wyspy Oceanu Indyjskiego"
 indian_ocean_islands_area_name: "Malediwy"
 indian_ocean_islands_area_adj: "Malediwów"
 vogelkop_area: "Płw. Ptasiej Głowy"
 vogelkop_area_name: "Ptasia Głowa"
 vogelkop_area_adj: "Ptasiej Głowy"
 papua_area: "Płw. Ptasi Ogon"
 papua_area_name: "Papua"
 papua_area_adj: "Papui"
 melanesia_area: "Melanezja"
 melanesia_area_name: "Melanezja"
 melanesia_area_adj: "Melanezji"
 fiji_area: "Fidżi"
 fiji_area_name: "Fidżi"
 fiji_area_adj: "Fidżi"
 west_micronesia_area: "Zachodnia Mikronezja"
 west_micronesia_area_name: "Palau"
 west_micronesia_area_adj: "Palau"
 micronesia_area: "Wsch. Mikronezja"
 micronesia_area_name: "Mikronezja"
 micronesia_area_adj: "Mikronezji"
 western_australia_area: "Perth"
 western_australia_area_name: "Perth"
 western_australia_area_adj: "Perth"
 top_end_area: "Top End"
 top_end_area_name: "Top End"
 top_end_area_adj: "Top End"
 northern_australia_area: "Capricornia"
 northern_australia_area_name: "Capricornia"
 northern_australia_area_adj: "Capricornii"
 eastern_australia_area: "Nowa Południowa Walia"
 eastern_australia_area_name: "Nowa Południowa Walia"
 eastern_australia_area_adj: "Nowej Południowej Walii"
 murray_river_area: "Princeland"
 murray_river_area_name: "Princeland"
 murray_river_area_adj: "Princelandu"
 southern_australia_area: "Wiktoria"
 southern_australia_area_name: "Wiktoria"
 southern_australia_area_adj: "Wiktorii"
 north_queensland_area: "Queensland"
 north_queensland_area_name: "Queensland"
 north_queensland_area_adj: "Queenslandu"
 south_queensland_area: "Brisbane"
 south_queensland_area_name: "Brisbane"
 south_queensland_area_adj: "Brisbaneru"
 illawara_area: "Illawarra"
 illawara_area_name: "Illawarra"
 illawara_area_adj: "Illawarru"
 pilbara_area: "Pilbara"
 pilbara_area_name: "Pilbara"
 pilbara_area_adj: "Pilbaru"
 tasmania_area: "Tasmania"
 tasmania_area_name: "Tasmania"
 tasmania_area_adj: "Tasmanii"
 eastern_polynesia_area: "Wschodnia Polinezja"
 eastern_polynesia_area_name: "Tahiti"
 eastern_polynesia_area_adj: "Tahiti"
 northern_polynesia_area: "Północna Polinezja"
 northern_polynesia_area_name: "Hawaje"
 northern_polynesia_area_adj: "Hawajów"
 polynesia_area: "Polinezja"
 polynesia_area_name: "Polinezja"
 polynesia_area_adj: "Polinezji"
 te_ika_a_maui_hauauru_area: "Te Ika a Maui Hauauru"
 te_ika_a_maui_hauauru_area_name: "Te Ika a Maui Hauauru"
 te_ika_a_maui_hauauru_area_adj: "Zachodniej Maori"
 te_ika_a_maui_waho_area: "Te Ika a Maui Waho"
 te_ika_a_maui_waho_area_name: "Te Ika a Maui Waho"
 te_ika_a_maui_waho_area_adj: "Wschodniej Maori"
 te_waipounamu_area: "Te Waipounamu"
 te_waipounamu_area_name: "Te Waipounamu"
 te_waipounamu_area_adj: "Południowej Maori"
 western_sahara_area: "Sahara Zachodnia"
 western_sahara_area_name: "Azawad"
 western_sahara_area_adj: "Azawadu"
 cap_verde_area: "Wyspy Zielonego Przylądka"
 cap_verde_area_name: "Wyspy Zielonego Przylądka"
 cap_verde_area_adj: "Wysp Zielonego Przylądka"
 jolof_area: "Dżolof"
 jolof_area_name: "Dżolof"
 jolof_area_adj: "Dżolofu"
 tekrur_area: "Tekrur"
 tekrur_area_name: "Tekrur"
 tekrur_area_adj: "Tekruru"
 baghena_area: "Baghena"
 baghena_area_name: "Baghena"
 baghena_area_adj: "Bagheny"
 manding_area: "Manding"
 manding_area_name: "Manding"
 manding_area_adj: "Manding"
 futa_jallon_area: "Futa Dżalon"
 futa_jallon_area_name: "Futa Dżalon"
 futa_jallon_area_adj: "Futa Dżalon"
 jenne_area: "Dżenne"
 jenne_area_name: "Dżenne"
 jenne_area_adj: "Dżenne"
 massina_area: "Massina"
 massina_area_name: "Massina"
 massina_area_adj: "Massiny"
 niger_bend_area: "Zakole Nigru"
 niger_bend_area_name: "Timbuktu"
 niger_bend_area_adj: "Timbuktu"
 upper_volta_area: "Górna Wolta"
 upper_volta_area_name: "Burkina Faso"
 upper_volta_area_adj: "Burkina Faso"
 kong_area: "Kong"
 kong_area_name: "Kong"
 kong_area_adj: "Kong"
 lower_volta_area: "Dolna Wolta"
 lower_volta_area_name: "Wolta"
 lower_volta_area_adj: "Wolty"
 lower_niger_area: "Dolny Niger"
 lower_niger_area_name: "Ondo"
 lower_niger_area_adj: "Ondo"
 hausa_area: "Kano"
 hausa_area_name: "Hausa"
 hausa_area_adj: "Hausów"
 katsina_area: "Katsina"
 katsina_area_name: "Katsina"
 katsina_area_adj: "Katsiny"
 zazzau_area: "Zaria"
 zazzau_area_name: "Zaria"
 zazzau_area_adj: "Zarii"
 bornu_area: "Bornu"
 bornu_area_name: "Bornu"
 bornu_area_adj: "Bornu"
 kanem_area: "Kanem"
 kanem_area_name: "Kanem"
 kanem_area_adj: "Kanem"
 adamawa_plateau_area: "Adamawa"
 adamawa_plateau_area_name: "Yola"
 adamawa_plateau_area_adj: "Yoli"
 dendi_area: "Dendi"
 dendi_area_name: "Dendi"
 dendi_area_adj: "Dendi"
 azbin_area: "Zachodni Azbin"
 azbin_area_name: "Air"
 azbin_area_adj: "Air"
 east_azbin_area: "Wschodni Azbin"
 east_azbin_area_name: "Azbin"
 east_azbin_area_adj: "Azbinu"
 atacora_oueme_area: "Atakora Oueme"
 atacora_oueme_area_name: "Dahomej"
 atacora_oueme_area_adj: "Dahomeju"
 benin_area: "Benin"
 benin_area_name: "Benin"
 benin_area_adj: "Beninu"
 gulf_of_guinea_area: "Zatoka Gwinejska"
 gulf_of_guinea_area_name: "Benin"
 gulf_of_guinea_area_adj: "Beninu"
 west_africa_coast_area: "Zach. Wybrzeże Afryki"
 west_africa_coast_area_name: "Złote Wybrzeże"
 west_africa_coast_area_adj: "Złotego Wybrzeża"
 guinea_coast_area: "Gwinea"
 guinea_coast_area_name: "Gwinea"
 guinea_coast_area_adj: "Gwinei"
 south_atlantic_islands_area: "Wyspy Południowego Atlantyku"
 south_atlantic_islands_area_name: "Tristan da Cunha"
 south_atlantic_islands_area_adj: "Tristan da Cunha"
 kongo_area: "Kongo"
 kongo_area_name: "Kongo"
 kongo_area_adj: "Konga"
 angola_namibia_area: "Angola"
 angola_namibia_area_name: "Angola"
 angola_namibia_area_adj: "Angoli"
 west_congo_area: "Kongo Zachodnie"
 west_congo_area_name: "Loango"
 west_congo_area_adj: "Loanga"
 cape_of_good_hope_area: "Przylądek Dobrej Nadziei"
 cape_of_good_hope_area_name: "Kapsztad"
 cape_of_good_hope_area_adj: "Kapsztadu"
 south_african_plateau_area: "Wyżyna Południowo-Afrykańska"
 south_african_plateau_area_name: "Afryka Południowa"
 south_african_plateau_area_adj: "Afryki Południowej"
 makran_area: "Mekran"
 makran_area_name: "Mekran"
 makran_area_adj: "Mekranu"
 sistan_area: "Sistan"
 sistan_area_name: "Sistan"
 sistan_area_adj: "Sistanu"
 kalat_area: "Kalaut"
 kalat_area_name: "Kalaut"
 kalat_area_adj: "Kalaut"
 ferghana_area: "Fergana"
 ferghana_area_name: "Fergana"
 ferghana_area_adj: "Fergany"
 arys_area: "Arys"
 arys_area_name: "Arys"
 arys_area_adj: "Arys"
 kabulistan_area: "Kabulistan"
 kabulistan_area_name: "Kabulistan"
 kabulistan_area_adj: "Kabulistan"
 ghor_area: "Ghor"
 ghor_area_name: "Ghor"
 ghor_area_adj: "Ghoru"
 kyzylkum_area: "Kyzył-kum"
 kyzylkum_area_name: "Turkiestan"
 kyzylkum_area_adj: "Turkiestanu"
 transoxiana_area: "Transoksania"
 transoxiana_area_name: "Transoksania"
 transoxiana_area_adj: "Transoksanii"
 khiva_area: "Chiwa"
 khiva_area_name: "Chiwa"
 khiva_area_adj: "Chiwy"
 transcaspia_area: "Obwód Zakaspijski"
 transcaspia_area_name: "Turkmenistan"
 transcaspia_area_adj: "Turkmenistanu"
 khorasan_area: "Chorasan"
 khorasan_area_name: "Chorasan"
 khorasan_area_adj: "Chorasanu"
 merv_area: "Merw"
 merv_area_name: "Merw"
 merv_area_adj: "Merwu"
 luristan_area: "Lurestan"
 luristan_area_name: "Lurestan"
 luristan_area_adj: "Lurestanu"
 balkh_area: "Balch"
 balkh_area_name: "Balch"
 balkh_area_adj: "Balchu"
 kerman_area: "Kerman"
 kerman_area_name: "Kerman"
 kerman_area_adj: "Kermanu"
 persian_gulf_coast: "Wybrzeże Zatoki"
 persian_gulf_coast_name: "Ormuz"
 persian_gulf_coast_adj: "Ormuzu"
 farsistan_area: "Faristan"
 farsistan_area_name: "Faristan"
 farsistan_area_adj: "Faristanu"
 iraq_e_ajam_area: "Irak Ajamski"
 iraq_e_ajam_area_name: "Persja"
 iraq_e_ajam_area_adj: "Persji"
 isfahan_area: "Isfahan"
 isfahan_area_name: "Isfahan"
 isfahan_area_adj: "Isfahanu"
 azerbaijan_area: "Azerbejdżan"
 azerbaijan_area_name: "Azerbejdżan"
 azerbaijan_area_adj: "Azerbejdżanu"
 tabriz_area: "Tebriz"
 tabriz_area_name: "Tebriz"
 tabriz_area_adj: "Tebrizu"
 tabarestan_area: "Tabaristan"
 tabarestan_area_name: "Tabaristan"
 tabarestan_area_adj: "Tabaristanu"
 upper_doab_area: "Górny Doab"
 upper_doab_area_name: "Delhi"
 upper_doab_area_adj: "Delhi"
 sirhind_area: "Sirhind"
 sirhind_area_name: "Sirhind"
 sirhind_area_adj: "Sirhindu"
 central_doab_area: "Środkowy Doab"
 central_doab_area_name: "Agra"
 central_doab_area_adj: "Agry"
 oudh_area: "Oudh"
 oudh_area_name: "Oudh"
 oudh_area_adj: "Oudhu"
 purvanchal_area: "Purwańćal"
 purvanchal_area_name: "Dźaunpur"
 purvanchal_area_adj: "Dźaunpuru"
 lower_doab_area: "Dolny Doab"
 lower_doab_area_name: "Kalpi"
 lower_doab_area_adj: "Kalpi"
 lahore_area: "Lahaur"
 lahore_area_name: "Lahaur"
 lahore_area_adj: "Lahauru"
 multan_area: "Multan"
 multan_area_name: "Multan"
 multan_area_adj: "Multanu"
 west_bengal_area: "Zachodni Bengal"
 west_bengal_area_name: "Bengal"
 west_bengal_area_adj: "Bengalu"
 naga_hills_area: "Góry Naga"
 naga_hills_area_name: "Nagaland"
 naga_hills_area_adj: "Gór Naga"
 east_bengal_area: "Wschodni Bengal"
 east_bengal_area_name: "Dhaka"
 east_bengal_area_adj: "Dhaki"
 north_bengal_area: "Północny Bengal"
 north_bengal_area_name: "Koć"
 north_bengal_area_adj: "Koću"
 gaur_area: "Gaur"
 gaur_area_name: "Gaur"
 gaur_area_adj: "Gauru"
 bihar_area: "Bihar"
 bihar_area_name: "Bihar"
 bihar_area_adj: "Biharu"
 jharkhand_area: "Dźarkhand"
 jharkhand_area_name: "Dźarkhand"
 jharkhand_area_adj: "Dźarkhandu"
 gondwana_area: "Gondwana"
 gondwana_area_name: "Gondwana"
 gondwana_area_adj: "Gondwany"
 sind_sagar_area: "Sind Sagar"
 sind_sagar_area_name: "Kocharia"
 sind_sagar_area_adj: "Kocharii"
 mithila_area: "Mithila"
 mithila_area_name: "Mithila"
 mithila_area_adj: "Mithilii"
 baghelkhand_area: "Baghelkhand"
 baghelkhand_area_name: "Baghelkhand"
 baghelkhand_area_adj: "Baghelkhandu"
 malabar_area: "Malabar"
 malabar_area_name: "Malabar"
 malabar_area_adj: "Malabaru"
 upper_mahanadi_area: "Górna Mahanadi"
 upper_mahanadi_area_name: "Sambalpur"
 upper_mahanadi_area_adj: "Sambalpuru"
 bundelkhand_area: "Bundelkhand"
 bundelkhand_area_name: "Bundelkhand"
 bundelkhand_area_adj: "Bundelkhandu"
 tripura_area: "Tripura"
 tripura_area_name: "Tripura"
 tripura_area_adj: "Tripury"
 gird_area: "Gird"
 gird_area_name: "Gird"
 gird_area_adj: "Girdu"
 ahmednagar_area: "Ahmednagar"
 ahmednagar_area_name: "Ahmednagar"
 ahmednagar_area_adj: "Ahmednagaru"
 patan_area: "Patan"
 patan_area_name: "Patan"
 patan_area_adj: "Patanu"
 khandesh_area: "Chandesz"
 jangladesh_area: "Dżangladesz"
 jangladesh_area_name: "Bikaner"
 jangladesh_area_adj: "Bikaneru"
 khandesh_area_name: "Chandesz"
 khandesh_area_adj: "Chandeszu"
 orissa_area: "Orisa"
 orissa_area_name: "Orisa"
 orissa_area_adj: "Orisy"
 garjat_area: "Garhdźat"
 garjat_area_name: "Garhdźat"
 garjat_area_adj: "Garhdźatu"
 telingana_area: "Północna Telingana"
 telingana_area_name: "Telingana"
 telingana_area_adj: "Telingany"
 andhra_area: "Andhra"
 andhra_area_name: "Andhra"
 andhra_area_adj: "Andhry"
 rayalaseema_area: "Rajalasima"
 rayalaseema_area_name: "Widźajanagar"
 rayalaseema_area_adj: "Widźajanagaru"
 kerala_area: "Kerala"
 kerala_area_name: "Malabar"
 kerala_area_adj: "Malabaru"
 malwa_area: "Malwa"
 malwa_area_name: "Malwa"
 malwa_area_adj: "Malwy"
 mewar_area: "Mewar"
 mewar_area_name: "Mewar"
 mewar_area_adj: "Mewaru"
 marwar_area: "Marwar "
 marwar_area_name: "Marwar "
 marwar_area_adj: "Marwaru"
 jaipur_area: "Dźajpur"
 jaipur_area_name: "Dźajpur"
 jaipur_area_adj: "Dźajpuru"
 baisi_rajya_area: "Baisi Radźja"
 baisi_rajya_area_name: "Dźumbla"
 baisi_rajya_area_adj: "Dźumbli"
 bhutan_area: "Bhutan"
 bhutan_area_name: "Bhutan"
 bhutan_area_adj: "Bhutanu"
 katehar_area: "Katehar"
 katehar_area_name: "Rohilkhand"
 katehar_area_adj: "Rohilkhandu"
 sindh_area: "Południowy Sindh"
 sindh_area_name: "Sindh"
 sindh_area_adj: "Sindhu"
 northern_sindh_area: "Północny Sindh"
 northern_sindh_area_name: "Chajrpur"
 northern_sindh_area_adj: "Chajrpuru"
 carnatic_area: "Karnataka"
 carnatic_area_name: "Karnataka"
 carnatic_area_adj: "Karnataki"
 coromandel_area: "Koromandel"
 coromandel_area_name: "Koromandel"
 coromandel_area_adj: "Koromandelu"
 madura_area: "Madura"
 madura_area_name: "Madura"
 madura_area_adj: "Madury"
 konkan_area: "Konkan"
 konkan_area_name: "Dżaul"
 konkan_area_adj: "Dżaulu"
 kanara_area: "Kanara"
 kanara_area_name: "Kanara"
 kanara_area_adj: "Kanary"
 maidan_area: "Majdan"
 maidan_area_name: "Bidźapur"
 maidan_area_adj: "Bidźapuru"
 mysore_area: "Majsur"
 mysore_area_name: "Majsur"
 mysore_area_adj: "Majsuru"
 maharashtra_area: "Maharasztra"
 maharashtra_area_name: "Maharasztra"
 maharashtra_area_adj: "Maharasztry"
 desh_area: "Desz"
 desh_area_name: "Puna"
 desh_area_adj: "Puny"
 assam_area: "Asam"
 assam_area_name: "Asam"
 assam_area_adj: "Asamu"
 himalayan_hills_area: "Przedgórze Himalajów"
 himalayan_hills_area_name: "Garhwal"
 himalayan_hills_area_adj: "Garhwalu"
 nepal_area: "Nepal"
 nepal_area_name: "Nepal"
 nepal_area_adj: "Nepalu"
 kashmir_area: "Kaszmir"
 kashmir_area_name: "Kaszmir"
 kashmir_area_adj: "Kaszmiru"
 tanjore_area: "Tańdźawur"
 tanjore_area_name: "Tańdźawur"
 tanjore_area_adj: "Tańdźawuru"
 kongu_area: "Kongu"
 kongu_area_name: "Kongu"
 kongu_area_adj: "Kongu"
 south_carnatic_area: "Południowa Karnataka"
 south_carnatic_area_name: "Arkat"
 south_carnatic_area_adj: "Arkatu"
 north_carnatic_area: "Północna Karnataka"
 north_carnatic_area_name: "Kosta"
 north_carnatic_area_adj: "Kosty"
 berar_area: "Berar"
 berar_area_name: "Berar"
 berar_area_adj: "Beraru"
 golconda_area: "Południowa Telingana"
 golconda_area_name: "Golkonda"
 golconda_area_adj: "Golkondy"
 raichur_doab_area: "Rajćur Doab"
 raichur_doab_area_name: "Rajćur"
 raichur_doab_area_adj: "Rajćuru"
 lanka_area: "Północna Lanka"
 lanka_area_name: "Lanka"
 lanka_area_adj: "Lanki"
 south_lanka_area: "Południowa Lanka"
 south_lanka_area_name: "Kotte"
 south_lanka_area_adj: "Kotte"
 gujarat_area: "Gudźarat"
 gujarat_area_name: "Gudźarat"
 gujarat_area_adj: "Gudźaratu"
 ahmedabad_area: "Ahmadabad"
 ahmedabad_area_name: "Ahmadabad"
 ahmedabad_area_adj: "Ahmadabadu"
 tapti_area: "Tapti"
 tapti_area_name: "Baroda"
 tapti_area_adj: "Barody"
 saurashtra_area: "Saurasztra"
 saurashtra_area_name: "Saurasztra"
 saurashtra_area_adj: "Saurasztry"
 upper_burma_area: "Górna Birma"
 upper_burma_area_name: "Ava"
 upper_burma_area_adj: "Avy"
 lower_burma_area: "Dolna Birma"
 lower_burma_area_name: "Birma"
 lower_burma_area_adj: "Birmy"
 kachin_area: "Kaczin"
 kachin_area_name: "Kaczin"
 kachin_area_adj: "Kaczinu"
 shan_hill_area: "Wzgórza Szan"
 shan_hill_area_adj: "Szanu"
 shan_hill_area_name: "Szanu"
 karenni_area: "Kayah"
 karenni_area_name: "Kayah"
 karenni_area_adj: "Kayah"
 arakan_area: "Arakan"
 arakan_area_name: "Arakan"
 arakan_area_adj: "Arakanu"
 malaya_area: "Malaje"
 malaya_area_name: "Malaje"
 malaya_area_adj: "Malajów"
 khorat_area: "Korat"
 khorat_area_name: "Korat"
 khorat_area_adj: "Koratu"
 champa_area: "Czampa"
 champa_area_name: "Czampa"
 champa_area_adj: "Czampy"
 cambodia_area: "Kambodża"
 cambodia_area_name: "Kambodża"
 cambodia_area_adj: "Kambodży"
 mekong_area: "Mekong"
 mekong_area_name: "Phnom Penh"
 mekong_area_adj: "Phnom Penh"
 malacca_area: "Malakka"
 malacca_area_name: "Malakka"
 malacca_area_adj: "Malakki"
 tenasserim_area: "Środkowy Tenasserim"
 tenasserim_area_name: "Ligor"
 tenasserim_area_adj: "Ligoru"
 north_tenasserim_area: "Południowy Tenasserim"
 north_tenasserim_area_name: "Ratczaburi"
 north_tenasserim_area_adj: "Ratczaburi"
 red_river_delta_area: "Rzeka Czerwona"
 red_river_delta_area_name: "Wietnam"
 red_river_delta_area_adj: "Wietnamu"
 vietnam_area: "Annam"
 vietnam_area_name: "Annam"
 vietnam_area_adj: "Annamu"
 south_laos_area: "Południowy Laos"
 south_laos_area_name: "Wientian"
 south_laos_area_adj: "Wientianu"
 north_laos_area: "Luang Prabang"
 north_laos_area_name: "Luang Prabang"
 north_laos_area_adj: "Luang Prabang"
 central_thai_area: "Środkowa Tajlandia"
 central_thai_area_name: "Ajutthaja"
 central_thai_area_adj: "Ajutthai"
 northern_thai_area: "Cziang Maj"
 northern_thai_area_name: "Lanna"
 northern_thai_area_adj: "Lanny"
 great_moluccas_area: "Wielkie Moluki"
 great_moluccas_area_name: "Moluki"
 great_moluccas_area_adj: "Moluków"
 luzon_area: "Północny Luzon"
 luzon_area_name: "Luzon"
 luzon_area_adj: "Luzonu"
 mindanao_area: "Wschodnie Mindanao"
 mindanao_area_name: "Mindanao"
 mindanao_area_adj: "Mindanao"
 north_sumatra_area: "Aceh"
 north_sumatra_area_name: "Lambri"
 north_sumatra_area_adj: "Lambri"
 batak_area: "Batak"
 batak_area_name: "Batak"
 batak_area_adj: "Bataku"
 central_sumatra_area: "Riau"
 central_sumatra_area_name: "Jambi"
 central_sumatra_area_adj: "Jambi"
 minangkabau_area: "Minangkabau"
 minangkabau_area_name: "Minangkabau"
 minangkabau_area_adj: "Minangkabau"
 south_sumatra_area: "Lampung"
 south_sumatra_area_name: "Bengkulu"
 south_sumatra_area_adj: "Bengkulu"
 indonesian_islands_area: "Indonezja"
 indonesian_islands_area_name: "Indonezja"
 indonesian_islands_area_adj: "Indonezji"
 east_java_area: "Jawa Wschodnia"
 east_java_area_name: "Wyspy Sundajskie"
 east_java_area_adj: "Wysp Sundajskich"
 central_java_area: "Jawa Środkowa"
 central_java_area_name: "Karta"
 central_java_area_adj: "Karty"
 west_java_area: "Jawa Zachodnia"
 west_java_area_name: "Kediri"
 west_java_area_adj: "Kediri"
 kutai_area: "Kutaiu"
 kutai_area_name: "Kutaiu"
 kutai_area_adj: "Kutaiu"
 brunei_area: "Brunei"
 brunei_area_name: "Brunei"
 brunei_area_adj: "Brunei"
 kalimantan_area: "Kalimantan"
 kalimantan_area_name: "Kalimantan"
 kalimantan_area_adj: "Kalimantanu"
 spice_islands_area: "Wyspy Korzenne"
 spice_islands_area_name: "Tidore"
 spice_islands_area_adj: "Tidore"
 ceram_area: "Seram"
 ceram_area_name: "Seram"
 ceram_area_adj: "Seramu"
 molluca_area: "Moluki"
 molluca_area_name: "Ternate"
 molluca_area_adj: "Ternate"
 lesser_sunda_islands_area: "Małe Wyspy Sundajskie"
 lesser_sunda_islands_area_name: "Bali"
 lesser_sunda_islands_area_adj: "Bali"
 timor_area: "Timor"
 timor_area_name: "Timor"
 timor_area_adj: "Timoru"
 sulawesi_area: "Północne Sulawesi"
 sulawesi_area_name: "Palu"
 sulawesi_area_adj: "Palu"
 south_sulawesi_area: "Południowe Sulawesi"
 south_sulawesi_area_name: "Makasar"
 south_sulawesi_area_adj: "Makasaru"
 western_korea_area: "Zachodnia Korea"
 western_korea_area_name: "Gyeonggi"
 western_korea_area_adj: "Gyeonggi"
 hamgyeong_area: "Hamgyeong"
 hamgyeong_area_name: "Hamgyeong"
 hamgyeong_area_adj: "Hamgyeongu"
 pyongan_area: "Pyongan"
 pyongan_area_name: "Pyongan"
 pyongan_area_adj: "Pyonganu"
 central_korea_area: "Środkowa Korea"
 central_korea_area_name: "Korea"
 central_korea_area_adj: "Korei"
 south_korea_area: "Południowa Korea"
 south_korea_area_name: "Cholla"
 south_korea_area_adj: "Cholli"
 eastern_korea_area: "Wschodnia Korea"
 eastern_korea_area_name: "Gyeongsang"
 eastern_korea_area_adj: "Gyeongsangu"
 hokkaido_area: "Hokkaido"
 hokkaido_area_name: "Hokkaido"
 hokkaido_area_adj: "Hokkaido"
 kyushu_area: "Południowe Kiusiu"
 kyushu_area_name: "Kiusiu"
 kyushu_area_adj: "Kiusiu"
 northern_kyushu: "Północne Kiusiu"
 northern_kyushu_adj: "Hizeni"
 northern_kyushu_name: "Hizen"
 chubu_area: "Zachodnie Chubu"
 chubu_area_name: "Chubu"
 chubu_area_adj: "Chubu"
 thohoku_area: "Tohoku"
 thohoku_area_name: "Tohoku"
 thohoku_area_adj: "Tohoku"
 kinai_area: "Kinai"
 kinai_area_name: "Kinai"
 kinai_area_adj: "Kinaiu"
 kanto_area: "Zachodnie Kanto"
 kanto_area_name: "Kanto"
 kanto_area_adj: "Kanto"
 eastern_kanto_area: "Wschodnie Kanto"
 eastern_kanto_area_name: "Hitachi"
 eastern_kanto_area_adj: "Hitachi"
 shikoku_area: "Sikoku"
 shikoku_area_name: "Sikoku"
 shikoku_area_adj: "Sikoku"
 east_china_sea_islands_area: "Wyspy Morza Wschodniochińskiego"
 east_china_sea_islands_area_name: "Riukiu"
 east_china_sea_islands_area_adj: "Riukiu"
 kolyma_area: "Kołyma"
 kolyma_area_name: "Kołyma"
 kolyma_area_adj: "Kołymy"
 kansai_area: "Kansai"
 kansai_area_name: "Kansai"
 kansai_area_adj: "Kansai"
 sanindo_area: "San'indo"
 sanindo_area_name: "San'indo"
 sanindo_area_adj: "San'indo"
 saigoku_area: "Sanyodo"
 saigoku_area_name: "Sanyodo"
 saigoku_area_adj: "Sanyodoan"
 hokuriku_area: "Hokuriku"
 hokuriku_area_name: "Hokuriku"
 hokuriku_area_adj: "Hokurikuan"
 chugoku_area: "Chugoku"
 chugoku_area_name: "Chugoku"
 chugoku_area_adj: "Chugoku"
 kamchatka_area: "Kamczatka"
 kamchatka_area_name: "Kamczatka"
 kamchatka_area_adj: "Kamczatki"
 magadan_area: "Magadan"
 magadan_area_name: "Magadan"
 magadan_area_adj: "Magadanu"
 okhotsk_area: "Ochock"
 okhotsk_area_name: "Ochock"
 okhotsk_area_adj: "Ochocka"
 yakutia_area: "Jakucja"
 yakutia_area_name: "Jakucja"
 yakutia_area_adj: "Jakucji"
 sakha_area: "Sacha"
 sakha_area_name: "Sacha"
 sakha_area_adj: "Sachy"
 buryatia_area: "Buriacja"
 buryatia_area_name: "Buriacja"
 buryatia_area_adj: "Buriacji"
 tunguska_area: "Tunguska"
 tunguska_area_name: "Tunguska"
 tunguska_area_adj: "Tunguski"
 central_siberia_area: "Środkowa Syberia"
 central_siberia_area_name: "Syberia"
 central_siberia_area_adj: "Syberii"
 kara_area: "Kara"
 kara_area_name: "Kara"
 kara_area_adj: "Kary"
 ob_area: "Ob"
 ob_area_name: "Selkupowie"
 ob_area_adj: "Selkupów"
 irkutsk_area: "Irkuck"
 irkutsk_area_name: "Irkuck"
 irkutsk_area_adj: "Irkucka"
 perm_area: "Perm"
 perm_area_name: "Perm"
 perm_area_adj: "Permu"
 balchasj_area: "Bałchasz"
 balchasj_area_name: "Nadym"
 balchasj_area_adj: "Nadymu"
 syr_darya_area: "Syr-daria"
 syr_darya_area_name: "Daria"
 syr_darya_area_adj: "Darii"
 kazakhstan_area: "Kazachstan"
 kazakhstan_area_name: "Kazachstan"
 kazakhstan_area_adj: "Kazachstanu"
 yrtesh_area: "Irtysz"
 yrtesh_area_name: "Kereici"
 yrtesh_area_adj: "Kereitów"
 ishim_area: "Iszym"
 ishim_area_name: "Tiumeń"
 ishim_area_adj: "Tiumenia"
 heilongjiang_area: "Zachodni Heilongjiangord"
 heilongjiang_area_name: "Heilongjiang"
 heilongjiang_area_adj: "Heilongjiang"
 east_heilongjiang_area: "Wschodni Heilongjiangord"
 east_heilongjiang_area_name: "Jeren"
 east_heilongjiang_area_adj: "Jerenu"
 jilin_area: "Południowy Jilin"
 jilin_area_name: "Jilin"
 jilin_area_adj: "Jilin"
 central_jilin_area: "Południowa Ilin Hala"
 central_jilin_area_name: "Ilan Hala"
 central_jilin_area_adj: "Ilan Halanu"
 ilan_hala_area: "Północna Ilin Hala"
 ilan_hala_area_name: "Deren"
 ilan_hala_area_adj: "Deren"
 liaoning_area: "Liaoning"
 liaoning_area_name: "Liaoning"
 liaoning_area_adj: "Liaoning"
 ordos_area: "Ordos"
 ordos_area_name: "Ordos"
 ordos_area_adj: "Ordos"
 inner_mongolia_area: "Mongolia Wewnętrzna"
 inner_mongolia_area_name: "Chahar"
 inner_mongolia_area_adj: "Chaharu"
 outer_mongolia_area: "Mongolia Zewnętrzna"
 outer_mongolia_area_name: "Mongolia"
 outer_mongolia_area_adj: "Mongolii"
 eastern_mongolia: "Wschodnia Mongolia"
 eastern_mongolia_name: "Jirem"
 eastern_mongolia_adj: "Jirem"
 central_mongolia_area: "Gobi"
 central_mongolia_area_name: "Karakorum"
 central_mongolia_area_adj: "Karakorum"
 altai_sayan_area: "Kobdo"
 altai_sayan_area_name: "Ałtaj"
 altai_sayan_area_adj: "Ałtaj"
 sayan_area: "Sajany"
 sayan_area_name: "Sajany"
 sayan_area_area: "Sajanów"
 kashgaria_area: "Kaszgaria"
 kashgaria_area_name: "Kaszgaria"
 kashgaria_area_adj: "Kaszgarii"
 tarim_basin_area: "Środkowy Altiszahr"
 tarim_basin_area_name: "Altiszahr"
 tarim_basin_area_adj: "Altiszahru"
 zungaria_area: "Południowa Dżungaria"
 zungaria_area_name: "Dżungaria"
 zungaria_area_adj: "Dżungarii"
 north_zungaria: "Północna Dżungaria"
 north_zungaria_name: "Urżar"
 north_zungaria_adj: "Urżaru"
 jetysuu_area: "Siedmiorzecze"
 jetysuu_area_name: "Siedmiorzecze"
 jetysuu_area_adj: "Siedmiorzecza"
 ngari_area: "Ngari"
 ngari_area_name: "Guge"
 ngari_area_adjective: "Gugean"
 amdo_area: "Amdo"
 amdo_area_name: "Amdo"
 amdo_area_adj: "Amdo"
 kham_area: "Kham"
 kham_area_name: "Kham"
 kham_area_adj: "Khamu"
 tsang_area: "U"
 tsang_area_name: "U"
 tsang_area_adj: "Uic"
 utsang_area: "Tsang"
 utsang_area_name: "Tsang"
 utsang_area_adj: "Tsang"
 south_hebei_area: "Południowy Hebei"
 south_hebei_area_name: "Hejianu"
 south_hebei_area_adj: "Hejian"
 hebei_area: "Północny Hebei"
 hebei_area_name: "Hebei"
 hebei_area_adj: "Hebei"
 shandong_area: "Szantung"
 shandong_area_name: "Szantung"
 shandong_area_adj: "Szantungu"
 jiangsu_area: "Północne Jiangsu"
 jiangsu_area_name: "Jiangsu"
 jiangsu_area_adj: "Jiangsu"
 south_jiangsu_area: "Południowe Jiangsu"
 south_jiangsu_area_name: "Nankin"
 south_jiangsu_area_adj: "Nankinu"
 anhui_area: "Północny Anhui"
 anhui_area_name: "Anhui"
 anhui_area_adj: "Anhui"
 south_anhui_area: "Południowy Anhui"
 south_anhui_area_name: "Ancing"
 south_anhui_area_adj: "Ancing"
 zhejiang_area: "Zhejiang"
 zhejiang_area_name: "Zhejiang"
 zhejiang_area_adj: "Zhejiangu"
 jiangxi_area: "Jiangxi"
 jiangxi_area_name: "Jiangxi"
 jiangxi_area_adj: "Jiangxi"
 fujian_area: "Fujian"
 fujian_area_name: "Fujian"
 fujian_area_adj: "Fujianu"
 taiwan_area: "Tajwan"
 taiwan_area_name: "Tajwan"
 taiwan_area_adj: "Tajwanu"
 guangdong_area: "Wschodni Guangdong"
 guangdong_area_name: "Guangdong"
 guangdong_area_adj: "Guangdongu"
 west_guangdong_area: "Zachodni Guangdong"
 west_guangdong_area_name: "Limchow"
 west_guangdong_area_adj: "Limchowu"
 guangxi_area: "Kuangsi"
 guangxi_area_name: "Kuangsi"
 guangxi_area_adj: "Kuangsi"
 yun_gui_area: "Centrum Yun-Gui"
 yun_gui_area_name: "Yun-Gui"
 yun_gui_area_adj: "Yun-Gui"
 yun_gui_borderland_area: "Pogranicze Yun-Gui"
 yun_gui_borderland_area_name: "Dali"
 yun_gui_borderland_area_adj: "Dali"
 sichuan_area: "Syczuan"
 sichuan_area_name: "Syczuan"
 sichuan_area_adj: "Syczuanu"
 chuannan_area: "Chuannan"
 chuannan_area_name: "Chuannan"
 chuannan_area_adj: "Chuannanu"
 huguang_area: "Hubei"
 huguang_area_name: "Huguang"
 huguang_area_adj: "Huguang"
 hunan_area: "Hunan"
 hunan_area_name: "Hunan"
 hunan_area_adj: "Hunanu"
 north_henan_area: "Północny Henan"
 north_henan_area_name: "Kajfeng"
 north_henan_area_adj: "Kajfeng"
 henan_area: "Południowy Henan"
 henan_area_name: "Henan"
 henan_area_adj: "Henanu"
 shanxi_area: "Shanxi"
 shanxi_area_name: "Shanxi"
 shanxi_area_adj: "Shanxi"
 shaanxi_area: "Shaanxi"
 shaanxi_area_name: "Shaanxi"
 shaanxi_area_adj: "Shaanxi"
 gansu_area: "Wschodnie Gansu"
 gansu_area_name: "Gansu"
 gansu_area_adj: "Gansu"
 west_gansu_area: "Zachodnie Gansu"
 west_gansu_area_name: "Yumen"
 west_gansu_area_adj: "Yumenu"
 rio_grande_do_sol_area: "Rio Grande do Sul"
 rio_grande_do_sol_area_name: "Brazylia"
 rio_grande_do_sol_area_adj: "Brazylii"
 diamantina_area: "Diamantina"
 diamantina_area_name: "Diamantina"
 diamantina_area_adj: "Diamantiny"
 minas_gerais_area: "Minas Gerais"
 minas_gerais_area_name: "Minas Gerais"
 minas_gerais_area_adj: "Minas Gerais"
 iquitos_area: "Iquitos"
 iquitos_area_name: "Iquitos"
 iquitos_area_adj: "Iquitos"
 misiones_area: "Mezopotamia"
 misiones_area_name: "Misiones"
 misiones_area_adj: "Misiones"
 west_sao_paolo_area: "Guayra"
 west_sao_paolo_area_name: "Guayra"
 west_sao_paolo_area_adj: "Guayra"
 ceara_area: "Ceará"
 ceara_area_name: "Ceará"
 ceara_area_adj: "Ceará"
 ofaie_area: "Ofaie"
 ofaie_area_name: "Ofaie"
 ofaie_area_adj: "Ofaie"
 goias_area: "Goias"
 goias_area_name: "Goias"
 goias_area_adj: "Goias"
 pontal_area: "Pontal"
 pontal_area_name: "Pontal"
 pontal_area_adj: "Pontalu"
 mato_grosso_area: "Mato Grosso"
 mato_grosso_area_name: "Grosso"
 mato_grosso_area_adj: "Grosso"
 guapore_area: "Guapore"
 guapore_area_name: "Guapore"
 guapore_area_adj: "Guapore"
 sao_paolo_area: "Sao Paulo"
 sao_paolo_area_name: "Sao Paulo"
 sao_paolo_area_adj: "Sao Paulo"
 rio_de_janeiro_area: "Rio de Janeiro"
 rio_de_janeiro_area_name: "Rio de Janeiro"
 rio_de_janeiro_area_adj: "Rio de Janeiro"
 bahia_area: "Bahia"
 bahia_area_name: "Bahia"
 bahia_area_adj: "Bahii"
 pernambuco_area: "Pernambuco"
 pernambuco_area_name: "Pernambuco"
 pernambuco_area_adj: "Pernambuco"
 sao_francisco_area: "Sao Francisco"
 sao_francisco_area_name: "Paratinga"
 sao_francisco_area_adj: "Paratingi"
 maranhao_area: "Maranhao"
 maranhao_area_name: "Maranhao"
 maranhao_area_adj: "Maranhao"
 piaui_area: "Piauí"
 piaui_area_name: "Piauí"
 piaui_area_adj: "Piauí"
 amapa_area: "Amapá"
 amapa_area_name: "Amapá"
 amapa_area_adj: "Amapá"
 grao_para_area: "Grao Para"
 grao_para_area_name: "Belem"
 grao_para_area_adj: "Belemu"
 amazon_area: "Amazonia"
 amazon_area_name: "Amazonia"
 amazon_area_adj: "Amazonia"
 paraguay_area: "Paragwaj"
 paraguay_area_name: "Paragwaj"
 paraguay_area_adj: "Paragwaju"
 patagonia_area: "Patagonia"
 patagonia_area_name: "Patagonia"
 patagonia_area_adj: "Patagonii"
 patagonian_andes: "Andy Patagońskie"
 patagonian_andes_name: "Chubut"
 patagonian_andes_adj: "Chubut"
 bahia_blanca_area: "Bahiá Blanca"
 bahia_blanca_area_name: "Candelaria"
 bahia_blanca_area_adj: "Candelarii"
 cuyo_area: "Cuyo"
 cuyo_area_name: "Cuyo"
 cuyo_area_adj: "Cuyo"
 nehuenken_area: "Neuquén"
 nehuenken_area_name: "Neuquén"
 nehuenken_area_adj: "Neuquén"
 southern_pampas_area: "Południowy Pampas"
 southern_pampas_area_name: "Pampas"
 southern_pampas_area_adj: "Pampasu"
 buenos_aires_area: "Buenos Aires"
 buenos_aires_area_name: "La Plata"
 buenos_aires_area_adj: "La Platy"
 jujuy_area: "Jujuy"
 jujuy_area_name: "Jujuy"
 jujuy_area_adj: "Jujuy"
 potosi_area: "Potosí"
 potosi_area_name: "Potosí"
 potosi_area_adj: "Potosí"
 tucuman_area: "Tucumanu"
 tucuman_area_name: "Tucumanu"
 tucuman_area_adj: "Tucuman"
 chaco_area: "Chaco"
 chaco_area_name: "Chaco"
 chaco_area_adj: "Chaco"
 banda_oriental_area: "Banda Orientalu"
 banda_oriental_area_name: "Urugwaj"
 banda_oriental_area_adj: "Urugwaju"
 suriname_area: "Surinam"
 suriname_area_name: "Surinam"
 suriname_area_adj: "Surinamu"
 guyana_area: "Gujana"
 guyana_area_name: "Gujana"
 guyana_area_adj: "Gujany"
 upper_guyana_area: "Górna Gujana"
 upper_guyana_area_name: "Angostura"
 upper_guyana_area_adj: "Angostury"
 quito_area: "Quito"
 quito_area_name: "Quito"
 quito_area_adj: "Quito"
 maracaibo_area: "Maracaibo"
 maracaibo_area_name: "Maracaibo"
 maracaibo_area_adj: "Maracaibo"
 venezuela_area: "Wenezuela"
 venezuela_area_name: "Wenezuela"
 venezuela_area_adj: "Wenezueli"
 eastern_llanos: "Wschodnie Llanos"
 eastern_llanos_name: "Zaraza"
 eastern_llanos_adj: "Zarazy"
 western_llanos: "Zachodnie Llanos"
 western_llanos_name: "Meta"
 western_llanos_adj: "Mety"
 bogota_area: "Bogota"
 bogota_area_name: "Bogota"
 bogota_area_adj: "Bogoty"
 popayan_area: "Popayanu"
 popayan_area_name: "Popayanu"
 popayan_area_adj: "Popayan"
 coquivacoa_area: "Coquivacoa"
 coquivacoa_area_name: "Coquivacoa"
 coquivacoa_area_adj: "Coquivacoi"
 northern_chile_area: "Północne Chile"
 northern_chile_area_name: "Chile"
 northern_chile_area_adj: "Chile"
 central_chile_area: "Środkowe Chile"
 central_chile_area_name: "Picunmapu"
 central_chile_area_adj: "Picunmapu"
 southern_chile_area: "Południowe Chile"
 southern_chile_area_name: "Aisen"
 southern_chile_area_adj: "Aisenu"
 antisuyu_area: "Antisuyu"
 antisuyu_area_name: "Boliwia"
 antisuyu_area_adj: "Boliwii"
 peruan_coast: "Wybrzeże Peruwiańskie"
 peruan_coast_name: "Nazca"
 peruan_coast_adj: "Nazci"
 kuntisuyu_area: "Kuntisuyu"
 kuntisuyu_area_name: "Peru"
 kuntisuyu_area_adj: "Peru"
 chimor_area: "Chimor"
 chimor_area_name: "Chimu"
 chimor_area_adj: "Chimu"
 ucayali_area: "Ukajali"
 ucayali_area_name: "Ukajali"
 ucayali_area_adj: "Ukajali"
 cajamarca_area: "Cajamarca"
 cajamarca_area_name: "Cajamarca"
 cajamarca_area_adj: "Cajamarki"
 huanuco_area: "Huanuco"
 huanuco_area_name: "Huanuco"
 huanuco_area_adj: "Huanuco"
 moxos_area: "Moxos"
 moxos_area_name: "Moxos"
 moxos_area_adj: "Moxos"
 beni_area: "Beni"
 beni_area_name: "Beni"
 beni_area_adj: "Beni"
 upper_peru: "Górne Peru"
 upper_peru_name: "Potosi"
 upper_peru_adj: "Potosi"
 maine_area: "Maine"
 maine_area_name: "Penapawsket"
 maine_area_adj: "Penapawsket"
 great_woods_area: "New Hampshire"
 great_woods_area_name: "Penakuk"
 great_woods_area_adj: "Penakuk"
 massachusetts_bay_area: "Massachusetts"
 massachusetts_bay_area_name: "Wampanoag"
 massachusetts_bay_area_adj: "Wampanoag"
 connecticut_valley_area: "Connecticut"
 connecticut_valley_area_name: "Mohegan"
 connecticut_valley_area_adj: "Mohegan"
 hudson_valley_area: "Dolina Hudsona"
 hudson_valley_area_name: "Munsee"
 hudson_valley_area_adj: "Munsee"
 delaware_valley_area: "Dolina Delaware"
 delaware_valley_area_name: "Unami"
 delaware_valley_area_adj: "Unami"
 iroquoisia_area: "Iroquoisia"
 iroquoisia_area_name: "Haudenosaunee"
 iroquoisia_area_adj: "Haudenosaunee"
 south_iroquoisia_area: "Jez. Champlain"
 south_iroquoisia_area_name: "Vermont"
 south_iroquoisia_area_adj: "Vermontu"
 susquehanna_area: "Westsylvania"
 susquehanna_area_name: "Erielhonan"
 susquehanna_area_adj: "Erielhonan"
 chesapeake_area: "Wirginia"
 chesapeake_area_name: "Tutelo"
 chesapeake_area_adj: "Tutelo"
 great_valley_area: "Wielka Dolina"
 great_valley_area_name: "Manahoac"
 great_valley_area_adj: "Manahoac"
 piedmont_north_america_area: "Piemont"
 piedmont_north_america_area_name: "Catawba"
 piedmont_north_america_area_adj: "Catawby"
 carolinas_area: "Karolina Północna"
 carolinas_area_name: "Croatan"
 carolinas_area_adj: "Croatan"
 south_carolina_area: "Karolina Poludniowa"
 south_carolina_area_name: "Issati"
 south_carolina_area_adj: "Issati"
 upper_american_georgia_area: "Górna Georgia"
 upper_american_georgia_area_name: "Coosa"
 upper_american_georgia_area_adj: "Coosa"
 american_georgia_area: "Georgia"
 american_georgia_area_name: "Yamasee"
 american_georgia_area_adj: "Yamasee"
 north_florida_area: "Wschodnia Floryda"
 north_florida_area_name: "Timucua"
 north_florida_area_adj: "Timucui"
 florida_area: "Floryda"
 florida_area_name: "Tegesta"
 florida_area_adj: "Tegestan"
 south_appalachia_area: "Overmountain"
 south_appalachia_area_name: "Aniyunwiya"
 south_appalachia_area_adj: "Aniyunwiya"
 appalachia_area: "Vandalia"
 appalachia_area_name: "Vandalia"
 appalachia_area_adj: "Vandalian"
 west_florida_area: "Floryda Zachodnia"
 west_florida_area_name: "Chatot"
 west_florida_area_adj: "Chatot"
 mississippi_area: "Missisipi"
 mississippi_area_name: "Natchez"
 mississippi_area_adj: "Natchez"
 alabama_area: "Alabama"
 alabama_area_name: "Albaamaha"
 alabama_area_adj: "Albaamaha"
 kentucky_area: "Kentucky"
 kentucky_area_name: "Shawanwa"
 kentucky_area_adj: "Shawanwa"
 miami_river_area: "Indiana"
 miami_river_area_name: "Miami"
 miami_river_area_adj: "Miami"
 mississippi_plain_area: "Arkansas"
 mississippi_plain_area_name: "Ugakhpa"
 mississippi_plain_area_adj: "Ugakhpa"
 ohio_country_area: "Ohio"
 ohio_country_area_name: "Wyandot"
 ohio_country_area_adj: "Wyandot"
 illinois_country_area: "Illinois"
 illinois_country_area_name: "Cahokia"
 illinois_country_area_adj: "Cahokia"
 michigan_area: "Michigan"
 michigan_area_name: "Mascouten"
 michigan_area_adj: "Mascouten"
 wisconsin_area: "Wisconsin"
 wisconsin_area_name: "Ho-Chunk"
 wisconsin_area_adj: "Ho-Chunk"
 lake_superior_area: "Jez. Górne"
 lake_superior_area_name: "Chippewa"
 lake_superior_area_adj: "Chippewan"
 lower_louisiana_area: "Luizjana"
 lower_louisiana_area_name: "Tunica"
 lower_louisiana_area_adj: "Tunica"
 upper_louisiana_area: "Górna Luizjana"
 upper_louisiana_area_name: "Inoka"
 upper_louisiana_area_adj: "Inoka"
 ozarks_area: "Ozark"
 ozarks_area_name: "Niukonska"
 ozarks_area_adj: "Niukonska"
 central_plains_area: "Równiny Środkowe"
 central_plains_area_name: "Kanza"
 central_plains_area_adj: "Kanza"
 lower_plains_area: "Południowe Równiny"
 lower_plains_area_name: "Kitkit'ish"
 lower_plains_area_adj: "Kitkit'ish"
 high_plains_area: "Górne Równiny"
 high_plains_area_name: "Hinono'eino"
 high_plains_area_adj: "Hinono'eino"
 south_dakota_area: "Południowa Dakota"
 south_dakota_area_name: "Isayanthi"
 south_dakota_area_adj: "Isayanthi"
 dakota_area: "Północna Dakota"
 dakota_area_name: "Wichiyena"
 dakota_area_adj: "Wichiyena"
 upper_missouri_area: "Górne Missouri"
 upper_missouri_area_name: "Apsalooke"
 upper_missouri_area_adj: "Apsalooke"
 badlands_area: "Badlands"
 badlands_area_name: "Tséhéstano"
 badlands_area_adj: "Tséhéstano"
 llano_estacado_area: "Llano Estacado"
 llano_estacado_area_name: "Numunuu"
 llano_estacado_area_adj: "Numunuu"
 coastal_prarie_area: "Przybrzeżna preria"
 coastal_prarie_area_name: "Lépai-Ndé"
 coastal_prarie_area_adj: "Lépai-Ndé"
 texas_area: "Teksas"
 texas_area_name: "Tickanwa'tic"
 texas_area_adj: "Tickanwa'tic"
 rio_grande_area: "Tamaulipas"
 rio_grande_area_name: "Tamaulipas"
 rio_grande_area_adj: "Tamaulipec"
 new_mexico_area: "Nowy Meksyk"
 new_mexico_area_name: "Nowy Meksyk"
 new_mexico_area_adj: "Nowego Meksyku"
 colorado_plateau_area: "Wyżyna Kolorado"
 colorado_plateau_area_name: "Dinétah"
 colorado_plateau_area_adj: "Diné"
 arizona_area: "Arizona"
 arizona_area_name: "Yavapé"
 arizona_area_adj: "Yavapé"
 california_area: "Górna Kalifornia"
 california_area_name: "Chumash"
 california_area_adj: "Chumash"
 central_valley_area: "Dolina Centralna"
 central_valley_area_name: "Jokutowie"
 central_valley_area_adj: "Jokutsan"
 oregon_area: "Oregon"
 oregon_area_name: "Kalapuya"
 oregon_area_adj: "Kalapuyi"
 columbia_river_area: "Kolumbia"
 columbia_river_area_name: "Sqeliz"
 columbia_river_area_adj: "Sqeliz"
 snake_river_area: "Snake"
 snake_river_area_name: "Nez Percé"
 snake_river_area_adj: "Nez Percé"
 salish_sea_area: "Puget Sound"
 salish_sea_area_name: "Suquamish"
 salish_sea_area_adj: "Suquamish"
 interior_plateau_area: "Interior Plateau"
 interior_plateau_area_name: "Dakelh"
 interior_plateau_area_adj: "Dakelh"
 hecate_strait_area: "Cieśnina Hekate"
 hecate_strait_area_name: "Xa'Isla"
 hecate_strait_area_adj: "Xa'Isla"
 alaska_area: "Zachodnia Alaska"
 alaska_area_name: "Unanga"
 alaska_area_adj: "Unangan"
 lower_acadia_area: "Dolna Akadia"
 lower_acadia_area_name: "Lnu'k"
 lower_acadia_area_adj: "Lnu'k"
 upper_acadia_area: "Górna Akadia"
 upper_acadia_area_name: "Wolastoqiyik"
 upper_acadia_area_adj: "Wolastoqiyik"
 newfoundland_area: "Nowa Fundlandia"
 newfoundland_area_name: "Beothuk"
 newfoundland_area_adj: "Beothuk"
 labrador_area: "Labrador"
 labrador_area_name: "Naskapi"
 labrador_area_adj: "Naskapi"
 cote_nord_area: "Cote-Nord"
 cote_nord_area_name: "Innu"
 cote_nord_area_adj: "Innu"
 notre_dame_mountains_area: "Québec"
 notre_dame_mountains_area_name: "Stadacona"
 notre_dame_mountains_area_adj: "Stadacony"
 lower_canada_area: "Dolna Kanada"
 lower_canada_area_name: "Hochelaga"
 lower_canada_area_adj: "Hochelagi"
 upper_canada_area: "Górna Kanada"
 upper_canada_area_name: "Attiwandaronk"
 upper_canada_area_adj: "Attiwandaronk"
 laurentian_area: "Laurencja"
 laurentian_area_name: "Omamiwinini"
 laurentian_area_adj: "Omamiwinini"
 inner_ontario_area: "Abitibi"
 inner_ontario_area_adj: "Mosoni"
 inner_ontario_area_name: "Mosoni"
 upper_ontario_area: "Górne Ontario"
 upper_ontario_area_name: "Odżibwejowie"
 upper_ontario_area_adj: "Odżibwejowie"
 huronia_area: "Huronia"
 huronia_area_name: "Wendake"
 huronia_area_adj: "Wendat"
 james_bay_area: "Zatoka Jamesa"
 james_bay_area_name: "Iyiyiw"
 james_bay_area_adj: "Iyiyiw"
 hudson_bay_area: "Zatoka Hudsona"
 hudson_bay_area_name: "Maskekowak"
 hudson_bay_area_adj: "Maskekowak"
 red_river_area: "Red River of the North"
 red_river_area_name: "Saulteaux"
 red_river_area_adj: "Saulteaux"
 saskatchewan_area: "Saskatchewan"
 saskatchewan_area_name: "Saskatchewan"
 saskatchewan_area_adj: "Saskatchewan"
 prairies_area: "Alberta"
 prairies_area_name: "Czarne Stopy"
 prairies_area_adj: "Czarne Stopy"
 athabasca_area: "Athabaska"
 athabasca_area_name: "Dénésoliné"
 athabasca_area_adj: "Dénésoliné"
 northeast_mexico_area: "Coahuila"
 northeast_mexico_area_name: "Coahuilteca"
 northeast_mexico_area_adj: "Coahuiltec"
 durango_area: "Durango"
 durango_area_name: "Shuma"
 durango_area_adj: "Shuman"
 sonora_y_sinaloa_area: "Sonora y Sinaloa"
 sonora_y_sinaloa_area_name: "O'odham"
 sonora_y_sinaloa_area_adj: "O'odham"
 baja_california_area: "Baja California"
 baja_california_area_name: "Guaycura"
 baja_california_area_adj: "Guaycury"
 jalisco_area: "Jalisco"
 jalisco_area_name: "Jalisco"
 jalisco_area_adj: "Jalisco"
 michoacan_area: "Michoacan"
 michoacan_area_name: "Michoacan"
 michoacan_area_adj: "Michoacan"
 gran_chichimeca_area: "Gran Chichimeca"
 gran_chichimeca_area_name: "Chichimeca"
 gran_chichimeca_area_adj: "Cziczimeków"
 mexico_area: "Meksyk"
 mexico_area_name: "Meksyk"
 mexico_area_adj: "Meksyku"
 guerrero_area: "Guerrero"
 guerrero_area_name: "Guerrero"
 guerrero_area_adj: "Guerrero"
 oaxaca_area: "Oaxaca"
 oaxaca_area_name: "Oaxaca"
 oaxaca_area_adj: "Oaxaki"
 eastern_mexico_area: "Veracruz"
 eastern_mexico_area_name: "Xalapa"
 eastern_mexico_area_adj: "Xalapy"
 chiapas_area: "Chiapas"
 chiapas_area_name: "Chiapas"
 chiapas_area_adj: "Chiapasu"
 yucatan_area: "Zachodni Jukatan"
 yucatan_area_name: "Mayapan"
 yucatan_area_adj: "Mayapanu"
 east_yucatan_area: "Wschodni Jukatan"
 east_yucatan_area_name: "Cozumel"
 east_yucatan_area_adj: "Cozumel"
 guatemala_area: "Gwatemala"
 guatemala_area_name: "Kaqchikel"
 guatemala_area_adj: "Kaqchikel"
 honduras_area: "Honduras"
 honduras_area_name: "Choluteca"
 honduras_area_adj: "Cholutecan"
 nicaragua_area: "Nikaragua"
 nicaragua_area_name: "Mangue"
 nicaragua_area_adj: "Manguan"
 assiniboia_area: "Assiniboia"
 assiniboia_area_name: "Nakoda"
 assiniboia_area_adj: "Nakoda"
 maryland_area: "Maryland"
 maryland_area_name: "Piscataway"
 maryland_area_adj: "Piscataway"
 straits_of_georgia_area: "Straits of Georgia"
 straits_of_georgia_area_name: "Shishalh"
 straits_of_georgia_area_adj: "Shishalh"
 east_alaska_area: "Alaska Panhandle"
 east_alaska_area_name: "Tlingit"
 east_alaska_area_adj: "Tlingit"
 panama_area: "Panama"
 panama_area_name: "Panama"
 panama_area_adj: "Panamy"
 cuba_area: "Zachodnia Kuba"
 cuba_area_name: "Ciboney"
 cuba_area_adj: "Ciboney"
 east_cuba_area: "Wschodnia Kuba"
 east_cuba_area_name: "Baracoa"
 east_cuba_area_adj: "Baracoi"
 hispaniola_area: "Haiti"
 hispaniola_area_name: "Taino"
 hispaniola_area_adj: "Taino"
 greater_antilles_area: "Wielkie Antyle"
 greater_antilles_area_name: "Jamajka"
 greater_antilles_area_adj: "Jamajki"
 lucayan_area: "Archipelag Bahamów"
 lucayan_area_name: "Bahamy"
 lucayan_area_adj: "Bahamów"
 leeward_islands_area: "Wyspy Podwietrzne"
 leeward_islands_area_name: "Gwadelupa"
 leeward_islands_area_adj: "Gwadelupy"
 windward_islands_area: "Wyspy Zawietrzne"
 windward_islands_area_name: "Trynidad"
 windward_islands_area_adj: "Trynidadu"
 western_mediterrenean_area: "Zach. Morze Śródziemne"
 eastern_mediterrenean_area: "Wsch. Morze Śródziemne"
 black_sea_area: "Morze Czarne"
 baltic_area: "Morze Bałtyckie"
 kattegat_area: "Kattegat"
 north_sea_area: "Morze Północne"
 norwegian_sea_area: "Morze Norweskie"
 white_sea_area: "Morze Białe"
 red_sea_area: "Morze Czerwone"
 persian_gulf_area: "Zatoka Perska"
 arabian_sea_area: "Morze Arabskie"
 bay_of_bengal_area: "Zatoka Bengalska"
 eastern_indian_ocean_area: "Wschodni Ocean Indyjski"
 western_indian_ocean_area: "Zachodni Ocean Indyjski"
 great_australian_bight_area: "Wielka Zatoka Australijska"
 swahili_coast_sea_area: "Wybrzeże Suahili"
 south_china_sea_area: "Morze Południowochińskie"
 celebes_sea_area: "Morze Celebes"
 java_sea_area: "Morze Jawajskie"
 east_china_sea_area: "Morze Wschodniochińskie"
 sea_of_japan_area: "Morze Japońskie"
 sea_of_okhotsk_area: "Morze Ochockie"
 berring_sea_area: "Morze Beringa"
 tasman_sea_area: "Morze Tasmańskie"
 coral_sea_area: "Morze Koralowe"
 philipine_sea_area: "Morze Filipińskie"
 banda_arafura_seas_area: "Morza Banda i Arafura"
 gulf_of_alaska_area: "Zatoka Alaskańska"
 sea_of_grau_area: "Morze Grau"
 chilean_sea_area: "Morze Chilijskie"
 gulf_of_panama_area: "Zatoka Panamska"
 bay_of_biscay_area: "Zat. Biskajska"
 english_channel_area: "Kanał La Manche"
 caribbean_sea_area: "Morze Karaibskie"
 gulf_of_mexico_area: "Zatoka Meksykańska"
 sea_of_labrador_area: "Morze Labradorskie"
 hudson_bay_sea_area: "Zatoka Hudsona"
 denmark_strait_area: "Cieśnina Duńska"
 gulf_of_guinea_sea_area: "Morze Gwinejskie"
 cape_of_storms_area: "Przylądek Burz"
 skeleton_coast_area: "Wybrzeże Szkieletowe"
 east_pacific_ocean_area: "Wschodni Pacyfik"
 polynesian_triangle_area: "Trójkąt Polinezyjski"
 south_pacific_area: "Południowy Pacyfik"
 north_pacific_area: "Północny Pacyfik"
 north_pacific_coast_area: "Wybrzeże Pacyfiku"
 coast_of_brazil_sea_area: "Wybrzeże Brazylii"
 coast_of_guyana_area: "Wybrzeże Gujany"
 celtic_sea_area: "Morze Celtyckie"
 west_african_coast_sea_area: "Zach. Wybrzeże Afryki"
 south_atlantic_area: "Południowy Atlantyk"
 argentine_sea_area: "Morze Argentyńskie"
 gulf_of_st_lawrence_area: "Zatoka Św. Wawrzyńca"
 gulf_stream_area: "Prąd Zatokowy"
 sargasso_sea_area: "Morze Sargassowe"
 north_atlantic_area: "Atlantyk Północny"
 bahama_channel_area: "Kanał Bahamski"
 france_region: "Francja"
 france_region_name: "Francja"
 france_region_adj: "Francji"
 scandinavia_region: "Skandynawia"
 scandinavia_region_name: "Skandynawia"
 scandinavia_region_adj: "Skandynawii"
 low_countries_region: "Niderlandy"
 low_countries_region_name: "Niderlandy"
 low_countries_region_adj: "Niderlandów"
 italy_region: "Włochy"
 italy_region_name: "Włochy"
 italy_region_adj: "Włoch"
 iberia_region: "Iberia"
 iberia_region_name: "Iberia"
 iberia_region_adj: "Iberii"
 germany_region: "Niemcy"
 germany_region_name: "Niemcy"
 germany_region_adj: "Niemiec"
 north_german_region: "Północne Niemcy"
 north_german_region_name: "Północne Niemcy"
 north_german_region_adj: "Północnych Niemiec"
 south_german_region: "Południowe Niemcy"
 south_german_region_name: "Południowe Niemcy"
 south_german_region_adj: "Południowych Niemiec"
 russia_region: "Rosja"
 russia_region_name: "Rosja"
 russia_region_adj: "Rosji"
 ural_region: "Ural"
 ural_region_name: "Ural"
 ural_region_adj: "Uralu"
 malaya_region: "Malaje"
 malaya_region_name: "Malaje"
 malaya_region_adj: "Malajów"
 moluccas_region: "Moluki"
 moluccas_region_name: "Moluki"
 moluccas_region_adj: "Moluków"
 java_region: "Jawa"
 java_region_name: "Jawa"
 java_region_adj: "Jawy"
 british_isles_region: "Wielka Brytania"
 british_isles_region_name: "Wielka Brytania"
 british_isles_region_adj: "Wielkiej Brytanii"
 baltic_region: "Bałtyk"
 baltic_region_name: "Bałtyk"
 baltic_region_adj: "Bałtyku"
 poland_region: "Polska"
 poland_region_name: "Polska"
 poland_region_adj: "Polski"
 ruthenia_region: "Ruś"
 ruthenia_region_name: "Ruś"
 ruthenia_region_adj: "Rusi"
 crimea_region: "Step Pontyjski"
 crimea_region_name: "Krym"
 crimea_region_adj: "Krymu"
 balkan_region: "Bałkany"
 balkan_region_name: "Jugosławia"
 balkan_region_adj: "Jugosławii"
 carpathia_region: "Karpaty"
 carpathia_region_name: "Karpaty"
 carpathia_region_adj: "Karpat"
 egypt_region: "Egipt"
 egypt_region_name: "Egipt"
 egypt_region_adj: "Egiptu"
 maghreb_region: "Maghreb"
 maghreb_region_name: "Maghreb"
 maghreb_region_adj: "Maghrebu"
 mashriq_region: "Maszrek"
 mashriq_region_name: "Maszrek"
 mashriq_region_adj: "Maszreku"
 anatolia_region: "Anatolia"
 anatolia_region_name: "Anatolia"
 anatolia_region_adj: "Anatolii"
 persia_region: "Persja"
 persia_region_name: "Persja"
 persia_region_adj: "Persji"
 khorasan_region: "Chorasan"
 khorasan_region_name: "Chorasan"
 khorasan_region_adj: "Chorasanu"
 baluchistan_region: "Beludżystan"
 baluchistan_region_name: "Beludżystan"
 baluchistan_region_adj: "Beludżystanu"
 caucasia_region: "Kaukaz"
 caucasia_region_name: "Kaukaz"
 caucasia_region_adj: "Kaukazu"
 arabia_region: "Arabia"
 arabia_region_name: "Arabia"
 arabia_region_adj: "Arabii"
 guinea_region: "Gwinea"
 guinea_region_name: "Gwinea"
 guinea_region_adj: "Gwinei"
 sao_tome_area: "Sao Tome"
 sao_tome_area_name: "Sao Tome"
 sao_tome_area_adj: "Sao Tome"
 niger_region: "Niger"
 niger_region_name: "Niger"
 niger_region_adj: "Nigru"
 horn_of_africa_region: "Róg Afryki"
 horn_of_africa_region_name: "Somalia"
 horn_of_africa_region_adj: "Somalii"
 east_africa_region: "Afryka Wschodnia"
 east_africa_region_name: "Suahili"
 east_africa_region_adj: "Suahili"
 kongo_region: "Kongo"
 kongo_region_name: "Kongo"
 kongo_region_adj: "Konga"
 central_asia_region: "Azja Środkowa"
 central_asia_region_name: "Tartaria"
 central_asia_region_adj: "Tartarii"
 south_africa_region: "Afryka Południowa"
 south_africa_region_name: "Kapsztad"
 south_africa_region_adj: "Kapsztadu"
 west_siberia_region: "Zachodnia Syberia"
 west_siberia_region_name: "Zachodnia Syberia"
 west_siberia_region_adj: "Zachodniej Syberii"
 east_siberia_region: "Wschodnia Syberia"
 east_siberia_region_name: "Wschodnia Syberia"
 east_siberia_region_adj: "Wschodniej Syberii"
 mongolia_region: "Mongolia"
 mongolia_region_name: "Mongolia"
 mongolia_region_adj: "Mongolii"
 manchuria_region: "Mandżuria"
 manchuria_region_name: "Mandżuria"
 manchuria_region_adj: "Mandżurii"
 tibet_region: "Tybet"
 tibet_region_name: "Tybet"
 tibet_region_adj: "Tybetu"
 bengal_region: "Bengal"
 bengal_region_name: "Bengal"
 bengal_region_adj: "Bengalu"
 hindusthan_region: "Hindustan"
 hindusthan_region_name: "Hindustan"
 hindusthan_region_adj: "Hindustanu"
 rajputana_region: "Radźputana"
 rajputana_region_name: "Radźputana"
 rajputana_region_adj: "Radźputany"
 deccan_region: "Dekan"
 deccan_region_name: "Dekan"
 deccan_region_adj: "Dekanu"
 coromandel_region: "Koromandel"
 coromandel_region_name: "Koromandel"
 coromandel_region_adj: "Koromandelu"
 west_india_region: "Zachodnie Indie"
 west_india_region_name: "Gudźarat"
 west_india_region_adj: "Gudźaratu"
 burma_region: "Birma"
 burma_region_name: "Birma"
 burma_region_adj: "Birmy"
 japan_region: "Japonia"
 japan_region_name: "Japonia"
 japan_region_adj: "Japonii"
 korea_region: "Korea"
 korea_region_name: "Korea"
 korea_region_adj: "Korei"
 australia_region: "Australia"
 australia_region_name: "Australia"
 australia_region_adj: "Australii"
 new_zealand_region: "Nowa Zelandia"
 new_zealand_region_name: "Nowa Zelandia"
 new_zealand_region_adj: "Nowej Zelandii"
 south_china_region: "Południowe Chiny"
 south_china_region_name: "Guangdong"
 south_china_region_adj: "Guangdongu"
 xinan_region: "Xinan"
 xinan_region_name: "Xinan"
 xinan_region_adj: "Xinan"
 north_china_region: "Północne Chiny"
 north_china_region_name: "Państwo Środka"
 north_china_region_adj: "Chin"
 brazil_region: "Brazylia"
 brazil_region_name: "Brazylia"
 brazil_region_adj: "Brazylii"
 la_plata_region: "La Plata"
 la_plata_region_name: "La Plata"
 la_plata_region_adj: "La Platy"
 upper_peru_region: "Górne Peru"
 upper_peru_region_name: "Boliwia"
 upper_peru_region_adj: "Boliwii"
 colombia_region: "Kolumbia"
 colombia_region_name: "Kolumbia"
 colombia_region_adj: "Kolumbii"
 peru_region: "Peru"
 peru_region_name: "Peru"
 peru_region_adj: "Peru"
 indonesia_region: "Indonezja"
 indonesia_region_name: "Indonezja"
 indonesia_region_adj: "Indonezji"
 oceanea_region: "Oceania"
 oceanea_region_name: "Oceania"
 oceanea_region_adj: "Oceanii"
 indo_china_region: "Indochiny"
 indo_china_region_name: "Indochiny"
 indo_china_region_adj: "Indochin"
 canada_region: "Kanada"
 canada_region_name: "Kanada"
 canada_region_adj: "Kanady"
 great_lakes_region: "Wielkie Jeziora"
 great_lakes_region_name: "Wisconsin"
 great_lakes_region_adj: "Wisconsin"
 northeast_america_region: "Północny Wschód"
 northeast_america_region_name: "Pensylwania"
 northeast_america_region_adj: "Pensylwanii"
 southeast_america_region: "Południowy wschód"
 southeast_america_region_name: "Wirginia"
 southeast_america_region_adj: "Wirginii"
 mississippi_region: "Missisipi"
 mississippi_region_name: "Missisipi"
 mississippi_region_adj: "Missisipi"
 choctaw_area: "Tennessee"
 choctaw_area_name: "Czoktawowie"
 choctaw_area_adj: "Czoktawowie"
 great_plains_region: "Wielkie Równiny"
 great_plains_region_name: "Nebraska"
 great_plains_region_adj: "Nebraski"
 california_region: "Kalifornia"
 california_region_name: "Kalifornia"
 california_region_adj: "Kalifornii"
 cascadia_region: "Kaskadia"
 cascadia_region_name: "Kaskadia"
 cascadia_region_adj: "Kaskadii"
 hudson_bay_region: "Zatoka Hudsona"
 hudson_bay_region_name: "Manitoba"
 hudson_bay_region_adj: "Manitoby"
 mexico_region: "Meksyk"
 mexico_region_name: "Meksyk"
 mexico_region_adj: "Meksyku"
 central_america_region: "Ameryka Środkowa"
 central_america_region_name: "Gwatemala"
 central_america_region_adj: "Gwatemali"
 carribeans_region: "Karaiby"
 carribeans_region_name: "Karaiby"
 carribeans_region_adj: "Karaibów"
 south_atlantic_region: "Południowy Atlantyk"
 atlantic_south_america_region: "Atlantycka Ameryka Południowa"
 pacific_south_america_region: "Pacyficzna Ameryka Południowa"
 north_west_pacific_region: "Północno-Zachodni Pacyfik"
 south_west_pacific_region: "Południowo-Zachodni Pacyfik"
 south_east_pacific_region: "Południowo-Wschodni Pacyfik"
 north_east_pacific_region: "Północno-Wschodni Pacyfik"
 east_china_sea_region: "Morze Wschodniochińskie"
 south_china_sea_region: "Morze Południowochińskie"
 east_indian_ocean_region: "Wschodni Ocean Indyjski"
 arabian_sea_region: "Morze Arabskie"
 west_indian_ocean_region: "Zachodni Ocean Indyjski"
 west_african_sea_region: "Morze Zachodnio-Afrykańskie"
 caribbean_sea_region: "Morze Karaibskie"
 mediterrenean_region: "Morze Śródziemne"
 american_east_coast_region: "Wschodnie Wybrzeże Ameryki"
 north_atlantic_region: "Atlantyk Północny"
 baltic_sea_region: "Morze Bałtyckie"
 south_indian_ocean_area: "Południowy Ocean Indyjski"
 south_indian_ocean_region: "Południowy Ocean Indyjski"
 central_africa_region: "Afryka Środkowa"
 central_africa_region_name: "Afryka"
 central_africa_region_adj: "Afryki"
 europe_superregion: "Europa Zachodnia"
 europe_superregion_name: "Francja"
 europe_superregion_adj: "Francji"
 north_america_superregion: "Ameryka Północna"
 north_america_superregion_name: "Ameryka"
 north_america_superregion_adj: "Ameryki"
 africa_superregion: "Północna Afryka"
 africa_superregion_name: "Sahara"
 africa_superregion_adj: "Sahary"
 southern_africa_superregion: "Południowa Afryka"
 southern_africa_superregion_name: "Wielkie Kongo"
 southern_africa_superregion_adj: "Wielkiego Konga"
 south_america_superregion: "Amazonia"
 south_america_superregion_name: "Amazonia"
 south_america_superregion_adj: "amazońska"
 andes_superregion: "Andy"
 andes_superregion_name: "Andy"
 andes_superregion_adj: "Andyjska"
 central_america_superregion: "Ameryka Środkowa"
 central_america_superregion_name: "Meksyk"
 central_america_superregion_adj: "Meksyku"
 china_superregion: "Państwo Środka"
 china_superregion_name: "Państwo Środka"
 china_superregion_adj: "Państwo Środka"
 east_indies_superregion: "Indie Wschodnie"
 east_indies_superregion_name: "Indonezja"
 east_indies_superregion_adj: "Indonezji"
 india_superregion: "Indie"
 india_superregion_name: "Indie"
 india_superregion_adj: "Indii"
 near_east_superregion: "Lewant"
 near_east_superregion_name: "Lewant"
 near_east_superregion_adj: "lewantyńska"
 persia_superregion: "Persja"
 persia_superregion_name: "Persja"
 persia_superregion_adj: "Persji"
 kenya_area: "Kenia"
 kenya_area_name: "Kenia"
 kenya_area_adj: "Kenii"
 andaman_sea_area: "Morze Andamańskie"
 limpopo_area: "Natal"
 limpopo_area_name: "Natal"
 limpopo_area_adj: "Natalu"
 quelimane_area: "Quelimane"
 quelimane_area_name: "Quelimane"
 quelimane_area_adj: "Quelimane"
 southern_madagascar: "Południowy Madagaskar"
 southern_madagascar_name: "Bara"
 southern_madagascar_adj: "Bary"
 sakalava_area: "Sakalawa"
 sakalava_area_name: "Sakalawa"
 sakalava_area_adj: "Sakalawów"
 betsimasaraka_area: "Betsimisaraka"
 betsimasaraka_area_name: "Betsimisaraka"
 betsimasaraka_area_adj: "Betsimasaraków"
 madagascar_highlands_area: "Wyżyny Madagaskaru"
 madagascar_highlands_area_name: "Merina"
 madagascar_highlands_area_adj: "Meriny"
 bothnia_area: "Ostrobotnia"
 bothnia_area_name: "Botnia"
 bothnia_area_adj: "Botni"
 western_ireland_area: "Zachodnia Irlandia"
 western_ireland_area_name: "Munster"
 western_ireland_area_adj: "Munsteru"
 eastern_ireland_area: "Wschodnia Irlandia"
 eastern_ireland_area_name: "Leinster"
 eastern_ireland_area_adj: "Leinster"
 southern_jutland_area: "Płd. Dania"
 southern_jutland_area_name: "Szlezwik"
 southern_jutland_area_adj: "Szlezwiku"
 eastern_europe_superregion: "Europa Wschodnia"
 eastern_europe_superregion_name: "Ruś"
 eastern_europe_superregion_adj: "Rusi"
 tartary_superregion: "Tartaria"
 tartary_superregion_name: "Wielka Tartaria"
 tartary_superregion_adj: "Tartarii"
 far_east_superregion: "Daleki Wschód"
 far_east_superregion_name: "Daleki Wschód"
 far_east_superregion_adj: "Dalekiego Wschodu"
 oceania_superregion: "Oceania"
 oceania_superregion_name: "Oceania"
 oceania_superregion_adj: "Oceanii"
 laponia_area: "Laponia"
 laponia_area_name: "Laponia"
 laponia_area_adj: "Laponii"
 arabian_sea_islands_area: "Wyspy Morza Arabskiego"
 arabian_sea_islands_area_name: "Sokotra"
 arabian_sea_islands_area_adj: "Sokotry"
 ad_dahna_area: "ad-Dahna"
 ad_dahna_area_name: "Arabia"
 ad_dahna_area_adj: "Arabii"
 central_heilongjiang_area: "Środkowy Heilongjiang"
 central_heilongjiang_area_adj: "Aiguni"
 central_heilongjiang_area_name: "Aigun"
 ningguta_area: "Ningguta"
 ningguta_area_adj: "Ningguty"
 ningguta_area_name: "Ningguta"
 uliastai_area: "Uliastaj"
 uliastai_area_adj: "Uliastaju"
 uliastai_area_name: "Uliastaj"
 tannu_uriankhai_area: "Tannu Urianchaj"
 tannu_uriankhai_area_name: "Tannu Urianchaj"
 tannu_uriankhai_area_adj: "Tannu Urianchaju"
 east_altishahr_area: "Wschodni Altiszahr"
 east_altishahr_area_adj: "Qarqani"
 east_altishahr_area_name: "Karkan"
 turpan_kumul_area: "Turpan-Kumul"
 turpan_kumul_area_adj: "Hamiani"
 turpan_kumul_area_name: "Hami"
 chuanbei_area: "Chuanbei"
 chuanbei_area_adj: "Langzhongi"
 chuanbei_area_name: "Langzhong"
 shanshan_area: "Shanshan"
 shanshan_area_adj: "Shanshanu"
 shanshan_area_name: "Shanshan"
 minsk_area: "Mińsk"
 minsk_area_adj: "Mińska"
 minsk_area_name: "Mińsk"
 tver_area: "Twer"
 tver_area_adj: "Tweru"
 tver_area_name: "Twer"
 yaroslavl_area: "Jarosław"
 yaroslavl_area_name: "Jarosław"
 yaroslavl_area_adj: "Jarosławia"
 vladimir_area: "Włodzimierz"
 vladimir_area_name: "Włodzimierz"
 vladimir_area_adj: "Włodzimierza"
 oka_area: "Oka"
 oka_area_name: "Tuła"
 oka_area_adj: "Tulan"
 arkhangelsk_area: "Archangielsk"
 arkhangelsk_area_name: "Archangielsk"
 arkhangelsk_area_adj: "Archangielska"
 vologda_area: "Wołogda"
 vologda_area_name: "Wołogda"
 vologda_area_adj: "Wołogdy"
 volga_area: "Wołga"
 volga_area_name: "Bolgaria"
 volga_area_adj: "Bolgarian"
 southern_najd_area: "Południowy Nadżd"
 southern_najd_area_name: "Yamamah"
 southern_najd_area_adj: "Yamamahan"
 mahra_area: "Mahra"
 mahra_area_name: "Mahra"
 mahra_area_adj: "Mahry"
 upper_yemen_area: "Górny Jemen"
 upper_yemen_area_name: "Saana"
 upper_yemen_area_adj: "Saanan"
 tihama_al_yemen_area: "Tihama"
 tihama_al_yemen_area_name: "Zabid"
 tihama_al_yemen_area_adj: "Zabidi"
 asir_area: "Asir"
 asir_area_name: "Mikhlaf"
 asir_area_adj: "Mikhlafi"
 mecca_area: "Mekka"
 mecca_area_name: "Mekka"
 mecca_area_adj: "Mekki"
 medina_area: "Medyna"
 medina_area_name: "Medyna"
 medina_area_adj: "Medyny"
 nafud_area: "An Nafud"
 nafud_area_name: "Shamar"
 nafud_area_adj: "Shamari"
 trans_jordan_area: "Transjordan"
 trans_jordan_area_name: "Jordan"
 trans_jordan_area_adj: "Jordanu"
 mascat_area: "Maskat"
 mascat_area_name: "Maskat"
 mascat_area_adj: "Maskatu"
 shahrizor_area: "Szahrizor"
 shahrizor_area_name: "Szahrizor"
 shahrizor_area_adj: "Szahrizoru"
 cukurova_area: "Cylicja"
 cukurova_area_name: "Cylicja"
 cukurova_area_adj: "Cylicji"
 syrian_desert_area: "Pustynia Syryjska"
 syrian_desert_area_name: "Palmyra"
 syrian_desert_area_adj: "Palmyry"
 khuzestan_area: "Chuzestan"
 khuzestan_area_name: "Chuzestan"
 khuzestan_area_adj: "Chuzestanu"
 kartli_kakheti_area: "Kartli-Kakheti"
 kartli_kakheti_area_name: "Kartli-Kakheti"
 kartli_kakheti_area_adj: "Kartli-Kakhetian"
 samtskhe_area: "Samcche"
 samtskhe_area_name: "Samcche"
 samtskhe_area_adj: "Samtskhan"
 imereti_area: "Imeretia"
 imereti_area_name: "Imeretia"
 imereti_area_adj: "Imeretii"
 aegean_archipelago_area: "Wyspy Egejskie"
 aegean_archipelago_area_name: "Naksos"
 aegean_archipelago_area_adj: "Naksos"
 germiyan_area: "Germijan"
 germiyan_area_name: "Germijan"
 germiyan_area_adj: "Germiyani"
 ankara_area: "Ankara"
 ankara_area_name: "Ankara"
 ankara_area_adj: "Ankary"
 gulf_of_arabia_area: "Wzgórza Morza Czerwonego"
 gulf_of_arabia_area_name: "Suezu"
 gulf_of_arabia_area_adj: "Suezian"
 al_wahat_area: "al-Wahat"
 al_wahat_area_name: "al-Wahat"
 al_wahat_area_adj: "al-Wahati"
 delta_area: "Delta"
 delta_area_name: "Raszid"
 delta_area_adj: "Rashidian"
 bahari_area: "Bahari"
 bahari_area_name: "Bahari"
 bahari_area_adj: "Bahari"
 vostani_area: "Vostani"
 vostani_area_name: "Vostani"
 vostani_area_adj: "Vostani"
 said_area: "Said"
 said_area_name: "Said"
 said_area_adj: "Saidi"
 birjand_area: "Birdżand"
 birjand_area_name: "Birdżand"
 birjand_area_adj: "Birdżandu"
 herat_area: "Herat"
 herat_area_name: "Herat"
 herat_area_adj: "Herati"
 mashhad_area: "Meszhed"
 mashhad_area_name: "Chorasan"
 mashhad_area_adj: "Chorasanu"
 termez_area: "Khuttalan"
 termez_area_name: "Khuttalan"
 termez_area_adj: "Khuttalani"
 mogostan_area: "Mogostan"
 mogostan_area_name: "Mogostan"
 mogostan_area_adj: "Mogostani"
 west_mindanao_area: "Zachodnie Mindanao"
 west_mindanao_area_name: "Maguindanao"
 west_mindanao_area_adj: "Maguindanao"
 visayas_area: "Visayas"
 visayas_area_name: "Visayas"
 visayas_area_adj: "Visayas"
 palawan_area: "Palawanu"
 palawan_area_name: "Palawanu"
 palawan_area_adj: "Palawani"
 southern_luzon_area: "Południowy Luzon"
 southern_luzon_area_name: "Manila"
 southern_luzon_area_adj: "Manilan"
 eastern_chubu_area: "Wschodnie Chubu"
 eastern_chubu_area_name: "Suruga"
 eastern_chubu_area_adj: "Surugi"
 munster_area: "Munster"
 munster_area_name: "Munster"
 munster_area_adj: "Munsteru"
 connacht_area: "Connacht"
 connacht_area_name: "Connacht"
 connacht_area_adj: "Connachtu"
 ulster_area: "Ulster"
 ulster_area_name: "Ulster"
 ulster_area_adj: "Ulsteru"
 leinster_area: "Leinster"
 leinster_area_name: "Leinster"
 leinster_area_adj: "Leinsteru"
 central_burma_area: "Środkowa Birma"
 central_burma_area_name: "Środkowa Birma"
 central_burma_area_adj: "Środkowej Birmy"
 chindwin_area: "Czinduin"
 chindwin_area_name: "Czinduin"
 chindwin_area_adj: "Czinduinu"
 deccan: "Dekan"
 gujarat: "Gudźarat"
 lahore: "Lahaur"
 burma: "Birma"
 galicia_area: "Galicja"
 galicia_area_name: "Galicja"
 galicia_area_adj: "Galicji"
 baleares_area: "Baleary"
 baleares_area_name: "Baleary"
 baleares_area_adj: "Balearów"
 barbary_coast: "Wybrzeże Berberyjskie"
 barbary_coast_area: "Wybrzeże Berberyjskie"
 barbary_coast_adj: "Wybrzeża Berberyjskiego"
 rio_grande_region: "Rio Grande"
 rio_grande_region_name: "Rio Grande"
 rio_grande_region_adj: "Rio Grande"
 guatemala_lowlands_area: "Niziny Gwatemali"
 guatemala_lowlands_area_adj: "Nizin Gwatemali"
 guatemala_lowlands_area_name: "Niziny Gwatemali"
 campeche_area: "Campeche"
 campeche_area_adj: "Campeche"
 campeche_area_name: "Campeche"
 mixteca_area: "Misteca"
 mixteca_area_adj: "Mistekowie"
 mixteca_area_name: "Misteca"
 tierra_caliente_area: "Tierra Caliente"
 tierra_caliente_area_adj: "Tierra Caliente"
 tierra_caliente_area_name: "Tierra Caliente"
 guanajuato_area: "Guanajuato"
 guanajuato_area_adj: "Guanajuatan"
 guanajuato_area_name: "Guanajuato"
 huasteca_area: "Huasteca"
 huasteca_area_adj: "Huastekowie"
 huasteca_area_name: "Huasteca"
 zacatecas_area: "Zacatecas"
 zacatecas_area_adj: "Zacatec"
 zacatecas_area_name: "Zacatecas"
 nayarit_area: "Nayarit"
 nayarit_area_name: "Nayarit"
 nayarit_area_adj: "Nayarit"
 chihuahua_area: "Chihuahua"
 chihuahua_area_adj: "Chihuahua"
 chihuahua_area_name: "Chihuahua"
 pecos_area: "Pecos"
 pecos_area_adj: "Pecos"
 pecos_area_name: "Pecos"
 sonora_area: "Sonora"
 sonora_area_adj: "Sonory"
 sonora_area_name: "Sonora"
 northern_california_area: "Północna Kalifornia"
 northern_california_area_adj: "Północnej Kalifornii"
 northern_california_area_name: "Północna Kalifornia"
 cordillera_occidental_area: "Kordyliera Zachodnia"
 cordillera_occidental_area_adj: "Kordyliery Zachodniej"
 cordillera_occidental_area_name: "Kordyliera Zachodnia"
 colombian_amazonas_area: "Kolumbijski Amazonas"
 colombian_amazonas_area_adj: "Kolumbijskiego Amazonas"
 colombian_amazonas_area_name: "Kolumbijski Amazonas"
 central_llanos_area: "Środkowe Llanos"
 central_llanos_area_adj: "Środkowego Llanos"
 central_llanos_area_name: "Środkowe Llanos"
 dominica_area: "Dominika"
 dominica_area_adj: "Dominiki"
 dominica_area_name: "Dominika"
 puebla_area: "Puebla"
 puebla_area_name: "Puebla"
 puebla_area_adj: "Pueblan"
 costa_rica_area: "Kostaryka"
 costa_rica_area_name: "Kostaryka"
 costa_rica_area_adj: "Kostaryki"
 apacheria_area: "Apaczeria"
 apacheria_area_adj: "Apaczerii"
 apacheria_area_area: "Apaczeria"
