l_english:
 brittany_area: "Brittany"
 brittany_area_name: "Brittany"
 brittany_area_adj: "Breton"
 normandy_area: "Normandy"
 normandy_area_name: "Normandy"
 normandy_area_adj: "Normand"
 provence_area: "Provence"
 provence_area_name: "Provence"
 provence_area_adj: "Provencal"
 guyenne_area: "Guyenne"
 guyenne_area_name: "Guyenne"
 guyenne_area_adj: "Guyennese"
 poitou_area: "Poitou"
 poitou_area_name: "Poitou"
 poitou_area_adj: "Potouis"
 sahel_region: "Sahel"
 sahel_region_name: "Sahel"
 sahel_region_adj: "Sahelian"
 basque_country: "Vasconia"
 basque_country_name: "Euskal Herria"
 basque_country_adj: "Basque"
 pyrenees_area: "Gascony"
 pyrenees_area_name: "Gascony"
 pyrenees_area_adj: "Gascogne"
 languedoc_area: "Languedoc"
 languedoc_area_name: "Languedoc"
 languedoc_area_adj: "Languedocian"
 bourgogne_area: "Eastern Burgundy"
 bourgogne_area_name: "Burgundy"
 bourgogne_area_adj: "Burgundian"
 massif_central_area: "Auvergne"
 massif_central_area_name: "Auvergne"
 massif_central_area_adj: "Auvergnian"
 savoy_dauphine_area: "Savoy"
 savoy_dauphine_area_name: "Savoy"
 savoy_dauphine_area_adj: "Savoyard"
 lorraine_area: "Lorraine"
 lorraine_area_name: "Lorraine"
 lorraine_area_adj: "Lorrainian"
 picardy_area: "Picardy"
 picardy_area_name: "Picardy"
 picardy_area_adj: "Picard"
 champagne_area: "Champagne"
 champagne_area_name: "Champagne"
 champagne_area_adj: "Champagnian"
 holland_area: "Holland"
 holland_area_name: "Holland"
 holland_area_adj: "Hollander"
 ile_de_france_area: "Île-de-France"
 ile_de_france_area_name: "Paris"
 ile_de_france_area_adj: "Parisian"
 seine_area: "Seine"
 seine_area_name: "Paris"
 seine_area_adj: "Parisian"
 loire_area: "Loire Valley"
 loire_area_name: "Anjou"
 loire_area_adj: "Angevin"
 wallonia_area: "Wallonia"
 wallonia_area_name: "Walloonia"
 wallonia_area_adj: "Walloon"
 flanders_area: "Flanders"
 flanders_area_name: "Flanders"
 flanders_area_adj: "Flemish"
 brabant_area: "South Brabant"
 brabant_area_name: "Brabant"
 brabant_area_adj: "Brabantine"
 netherlands_area: "Netherlands"
 netherlands_area_name: "Netherlands"
 netherlands_area_adj: "Dutch"
 frisia_area: "Frisia"
 frisia_area_name: "Frisia"
 frisia_area_adj: "Frisian"
 aragon_area: "Aragon"
 aragon_area_name: "Aragon"
 aragon_area_adj: "Aragonese"
 catalonia_area: "Catalonia"
 catalonia_area_name: "Catalonia"
 catalonia_area_adj: "Catalonian"
 valencia_area: "Valencia"
 valencia_area_name: "Valencia"
 valencia_area_adj: "Valencian"
 lower_andalucia_area: "Lower Andalucia"
 lower_andalucia_area_name: "Cordoba"
 lower_andalucia_area_adj: "Cordoban"
 upper_andalucia_area: "Upper Andalucia"
 upper_andalucia_area_name: "Granada"
 upper_andalucia_area_adj: "Granadan"
 castille_area: "South Castile"
 castille_area_name: "South Castile"
 castille_area_adj: "Castilian"
 toledo_area: "Toledo"
 toledo_area_name: "Toledo"
 toledo_area_adj: "Toledoan"
 asturias_area: "North Castile"
 asturias_area_name: "North Castile"
 asturias_area_adj: "Asturian"
 leon_area: "León"
 leon_area_name: "León"
 leon_area_adj: "Leonese"
 basque_area: "Basque Country"
 basque_area_name: "Euskadi"
 basque_area_adj: "Basque"
 beieras_area: "Beiras"
 beieras_area_name: "Beira"
 beieras_area_adj: "Beiran"
 alentejo_area: "Alentejo"
 alentejo_area_name: "Alentejo"
 alentejo_area_adj: "Alentejan"
 macaronesia_area: "Macaronesia"
 macaronesia_area_name: "Macaronesia"
 macaronesia_area_adj: "Macaronesian"
 venetia_area: "Venetia"
 venetia_area_name: "Venetia"
 venetia_area_adj: "Venetian"
 lombardy_area: "Lombardy"
 lombardy_area_name: "Lombardy"
 lombardy_area_adj: "Lombard"
 piedmont_area: "Piedmont"
 piedmont_area_name: "Piedmont"
 piedmont_area_adj: "Piedmontese"
 tuscany_area: "Tuscany"
 tuscany_area_name: "Tuscany"
 tuscany_area_adj: "Tuscan"
 liguria_area: "Liguria"
 liguria_area_name: "Liguria"
 liguria_area_adj: "Ligurian"
 corsica_sardinia_area: "Western Mediterranean Islands"
 corsica_sardinia_area_name: "Sardinia"
 corsica_sardinia_area_adj: "Sardinian"
 sicily_area: "Eastern Sicily"
 sicily_area_name: "East Sicily"
 sicily_area_adj: "East Sicilian"
 naples_area: "Campania"
 naples_area_name: "Naples"
 naples_area_adj: "Neapolitan"
 calabria_area: "Calabria"
 calabria_area_name: "Calabria"
 calabria_area_adj: "Calabrian"
 apulia_area: "Apulia"
 apulia_area_name: "Apulia"
 apulia_area_adj: "Apulian"
 emilia_romagna_area: "Emilia-Romagna"
 emilia_romagna_area_name: "Emilia"
 emilia_romagna_area_adj: "Emilian"
 central_italy_area: "Marche-Abruzzo"
 central_italy_area_name: "Marche"
 central_italy_area_adj: "Marchigiano"
 ireland_area: "Ireland"
 ireland_area_name: "Ireland"
 ireland_area_adj: "Irish"
 highlands_area: "Highlands"
 highlands_area_name: "Highlands"
 highlands_area_adj: "Highlander"
 lowlands_area: "Lowlands"
 lowlands_area_name: "Lowlands"
 lowlands_area_adj: "Lowlander"
 kingdom_of_the_isles_area: "The Isles"
 kingdom_of_the_isles_area_name: "Mann"
 kingdom_of_the_isles_area_adj: "Manx"
 east_midlands_area: "East Midlands"
 east_midlands_area_name: "Mercia"
 east_midlands_area_adj: "Mercian"
 west_midlands_area: "West Midlands"
 west_midlands_area_name: "Lincolnshire"
 west_midlands_area_adj: "Linconian"
 yorkshire_area: "Yorkshire"
 yorkshire_area_name: "York"
 yorkshire_area_adj: "Yorkist"
 scottish_marches_area: "Northern England"
 scottish_marches_area_name: "Northumbria"
 scottish_marches_area_adj: "Northerner"
 home_counties_area: "London"
 home_counties_area_name: "Anglia"
 home_counties_area_adj: "Anglian"
 wales_area: "Wales"
 wales_area_name: "Wales"
 wales_area_adj: "Welsh"
 northern_england_area: "Northumbria"
 northern_england_area_name: "Northumbria"
 northern_england_area_adj: "Northumbrian"
 mercia_area: "Mercia"
 mercia_area_name: "Mercia"
 mercia_area_adj: "Mercian"
 wessex_area: "Wessex"
 wessex_area_name: "Wessex"
 wessex_area_adj: "Wessexian"
 east_anglia_area: "East Anglia"
 east_anglia_area_name: "Anglia"
 east_anglia_area_adj: "Anglian"
 denmark_area: "Denmark"
 denmark_area_name: "Denmark"
 denmark_area_adj: "Danish"
 jutland_area: "North Jutland"
 jutland_area_name: "Jutland"
 jutland_area_adj: "Jutlandish"
 skaneland_area: "Skåneland"
 skaneland_area_name: "Scania"
 skaneland_area_adj: "Scanian"
 gotaland_area: "Östra Götaland"
 gotaland_area_name: "Götaland"
 gotaland_area_adj: "Geat"
 vastra_gotaland_area: "Västra Götaland"
 vastra_gotaland_area_adj: "Skaran"
 vastra_gotaland_area_name: "Skaraborg"
 svealand_area: "Västra Svealand"
 svealand_area_name: "Sweden"
 svealand_area_adj: "Swedish"
 ostra_svealand_area: "Östra Svealand"
 ostra_svealand_area_name: "Dalecarlia"
 ostra_svealand_area_adj: "Dalecarlian"
 baltic_islands_area: "Baltic Islands"
 baltic_islands_area_name: "Baltia"
 baltic_islands_area_adj: "Baltic"
 norrland_area: "Norrland"
 norrland_area_name: "Norrland"
 norrland_area_adj: "Norrlandish"
 finland_area: "Finland"
 finland_area_name: "Finland"
 finland_area_adj: "Finish"
 karelia_area: "South Karelia"
 karelia_area_name: "Karelia"
 karelia_area_adj: "Karelian"
 north_karelia: "North Karelia"
 north_karelia_adj: "Olonetian"
 north_karelia_name: "Olonets"
 northern_norway: "Trøndelag"
 northern_norway_name: "Trøndelag"
 northern_norway_adj: "Trøndelagian"
 eastern_norway: "Østlandet"
 eastern_norway_name: "Norway"
 eastern_norway_adj: "Norwegian"
 western_norway: "Vestlandet"
 western_norway_name: "Bergenshus"
 western_norway_adj: "Bergenshusian"
 subarctic_islands_area: "North Atlantic Islands"
 subarctic_islands_area_name: "Faroes"
 subarctic_islands_area_adj: "Faroese"
 greenland_area: "Greenland"
 greenland_area_name: "Greenland"
 greenland_area_adj: "Greenlandic"
 iceland_area: "Iceland"
 iceland_area_name: "Iceland"
 iceland_area_adj: "Icelandic"
 estonia_ingria_area: "Estonia"
 estonia_ingria_area_name: "Estonia"
 estonia_ingria_area_adj: "Estonian"
 livonia_area: "Livonia"
 livonia_area_name: "Livonia"
 livonia_area_adj: "Livonian"
 curonia_area: "Curonia"
 curonia_area_name: "Curonia"
 curonia_area_adj: "Curonian"
 east_prussia_area: "East Prussia"
 east_prussia_area_name: "Prussia"
 east_prussia_area_adj: "Prussian"
 west_prussia_area: "West Prussia"
 west_prussia_area_name: "Kulm"
 west_prussia_area_adj: "Kulmer"
 pomerelia_area: "Pomerelia"
 pomerelia_area_name: "Pomerelian"
 pomerelia_area_adj: "Pomerelian"
 wielkopolska_area: "Wielkopolska"
 wielkopolska_area_name: "Wielkopolska"
 wielkopolska_area_adj: "Wielkopolskan"
 central_poland_area: "Central Poland"
 central_poland_area_name: "Central Poland"
 central_poland_area_adj: "Central Polish"
 sandomierz_area: "Sandomierz"
 sandomierz_area_name: "Sandomierz"
 sandomierz_area_adj: "Sandomierz"
 kuyavia_area: "Kuyavia"
 kuyavia_area_name: "Kuyavia"
 kuyavia_area_adj: "Kuyavian"
 malopolska_area: "Malopolska"
 malopolska_area_name: "Malopolska"
 malopolska_area_adj: "Malopolskan"
 podolia_volhynia_area: "Podolia"
 podolia_volhynia_area_name: "Podolia"
 podolia_volhynia_area_adj: "Podolian"
 pripyat_area: "Pripyat"
 pripyat_area_name: "Brest"
 pripyat_area_adj: "Brestian"
 podlasie_area: "Podlasie"
 podlasie_area_name: "Podlasie"
 podlasie_area_adj: "Podlasian"
 mazovia_area: "Mazovia"
 mazovia_area_name: "Mazovia"
 mazovia_area_adj: "Mazovian"
 lithuania_area: "Aukstaitija"
 lithuania_area_name: "Aukstaitija"
 lithuania_area_adj: "Aukstaitijan"
 samogitia_area: "Samogitia"
 samogitia_area_name: "Samogitia"
 samogitia_area_adj: "Samogitian"
 volhynia_area: "Volhynia"
 volhynia_area_name: "Volhynia"
 volhynia_area_adj: "Volhynian"
 west_dniepr_area: "West Dniepr"
 west_dniepr_area_name: "Cherkasy"
 west_dniepr_area_adj: "Cherkassan"
 east_dniepr_area: "East Dniepr"
 east_dniepr_area_name: "Poltava"
 east_dniepr_area_adj: "Poltavan"
 chernigov_area: "Chernigov"
 chernigov_area_name: "Chernigov"
 chernigov_area_adj: "Chernigovian"
 sloboda_ukraine_area: "Sloboda Ukraine"
 sloboda_ukraine_area_name: "Kharkov"
 sloboda_ukraine_area_adj: "Kharkovan"
 azov_area: "Azov"
 azov_area_name: "Azovia"
 azov_area_adj: "Azovian"
 zaporizhia_area: "Zaporizhia"
 zaporizhia_area_name: "Zaporizhia"
 zaporizhia_area_adj: "Zaporizhian"
 yedisan_area: "Yedisan"
 yedisan_area_name: "Yedisan"
 yedisan_area_adj: "Yedisanian"
 crimea_area: "Crimea"
 crimea_area_name: "Crimea"
 crimea_area_adj: "Crimean"
 white_ruthenia_area: "White Ruthenia"
 white_ruthenia_area_adj: "White Ruthenian"
 white_ruthenia_area_name: "White Ruthenia"
 red_ruthenia_area: "Red Ruthenia"
 red_ruthenia_area_name: "Red Ruthenia"
 red_ruthenia_area_adj: "Red Ruthenian"
 ryazan_area: "Ryazan"
 ryazan_area_name: "Ryazan"
 ryazan_area_adj: "Ryazanian"
 moscow_area: "Moscow"
 moscow_area_name: "Muscovy"
 moscow_area_adj: "Muscovian"
 suzdal_area: "Suzdal"
 suzdal_area_name: "Suzdal"
 suzdal_area_adj: "Suzdalian"
 smolensk_area: "Smolensk"
 smolensk_area_name: "Smolensk"
 smolensk_area_adj: "Smolenskian"
 novgorod_area: "Novgorod"
 novgorod_area_name: "Novgorod"
 novgorod_area_adj: "Novgorodian"
 pskov_area: "Pskov"
 pskov_area_name: "Pskov"
 pskov_area_adj: "Pskovian"
 beloozero_area: "Beloozero"
 beloozero_area_name: "Beloozero"
 beloozero_area_adj: "Beloozeroan"
 astrakhan_area: "Astrakhan"
 astrakhan_area_name: "Astrakhan"
 astrakhan_area_adj: "Astrakhani"
 lower_don_area: "Lower Don"
 lower_don_area_name: "Cherkassk"
 lower_don_area_adj: "Cherkasskian"
 kazan_area: "Kazan"
 kazan_area_name: "Kazan"
 kazan_area_adj: "Kazani"
 samara_area: "Samara"
 samara_area_name: "Samara"
 samara_area_adj: "Samaran"
 lower_yik_area: "Lower Yik"
 lower_yik_area_name: "Ryn"
 lower_yik_area_adj: "Rynian"
 nogai_area: "Nogai"
 nogai_area_name: "Nogai"
 nogai_area_adj: "Nogai"
 ural_area: "Ural"
 ural_area_name: "Ural"
 ural_area_adj: "Uralian"
 pomor_area: "Pomorye"
 pomor_area_name: "Pomorye"
 pomor_area_adj: "Pomor"
 bashkiria_area: "Bashkiria"
 bashkiria_area_name: "Bashkiria"
 bashkiria_area_adj: "Bashkiria"
 galich_area: "Galich"
 galich_area_name: "Galich"
 galich_area_adj: "Galich"
 kama_area: "Kama"
 kama_area_name: "Kama"
 kama_area_adj: "Kama"
 tambov_area: "Tambov"
 tambov_area_name: "Tambov"
 tambov_area_adj: "Tambovan"
 saratov_area: "Saratov"
 saratov_area_name: "Saratov"
 saratov_area_adj: "Saratovian"
 silesia_area: "Silesia"
 silesia_area_name: "Silesia"
 silesia_area_adj: "Silesian"
 bohemia_area: "Bohemia"
 bohemia_area_name: "Bohemia"
 bohemia_area_adj: "Bohemian"
 erzgebirge_area: "Erzgebirge"
 erzgebirge_area_name: "Plzen"
 erzgebirge_area_adj: "Plzner"
 south_saxony_area: "Saxony"
 south_saxony_area_name: "Meissen"
 south_saxony_area_adj: "Meissner"
 lower_bavaria_area: "Lower Bavaria"
 lower_bavaria_area_name: "Oberpfalz"
 lower_bavaria_area_adj: "Oberpfalzian"
 upper_bavaria_area: "Upper Bavaria"
 upper_bavaria_area_name: "Bavaria"
 upper_bavaria_area_adj: "Bavarian"
 franconia_area: "Lower Franconia"
 franconia_area_name: "Lower Franconia"
 franconia_area_adj: "Lower Franconian"
 lower_swabia_area: "West Swabia"
 lower_swabia_area_name: "Swabia"
 lower_swabia_area_adj: "Swabian"
 upper_swabia_area: "East Swabia"
 upper_swabia_area_name: "Constance"
 upper_swabia_area_adj: "Constancian"
 northern_saxony_area: "Saxony-Anhalt"
 northern_saxony_area_name: "Altmark"
 northern_saxony_area_adj: "Altmarkian"
 thuringia_area: "Thuringia"
 thuringia_area_name: "Thuringia"
 thuringia_area_adj: "Thuringian"
 neumark_area: "Neumark"
 neumark_area_name: "Neumark"
 neumark_area_adj: "Neumarkian"
 mittelmark_area: "Mittelmark"
 mittelmark_area_name: "Mittelmark"
 mittelmark_area_adj: "Mittelmarkian"
 vorpommern_area: "Vorpommern"
 vorpommern_area_name: "Vorpommern"
 vorpommern_area_adj: "Vorpommernian"
 hinter_pommern_area: "Hinterpommern"
 hinter_pommern_area_name: "Hinterpommern"
 hinter_pommern_area_adj: "Hinterpommernian"
 tirol_area: "Tirol"
 tirol_area_name: "Tirol"
 tirol_area_adj: "Tirolian"
 austria_proper_area: "Austria Proper"
 austria_proper_area_name: "Austria"
 austria_proper_area_adj: "Austrian"
 inner_austria_area: "Inner Austria"
 inner_austria_area_name: "Carinthia"
 inner_austria_area_adj: "Carinthian"
 carinthia_area: "Carniola"
 carinthia_area_name: "Carniola"
 carinthia_area_adj: "Carniolan"
 switzerland_area: "Switzerland"
 switzerland_area_name: "Switzerland"
 switzerland_area_adj: "Swiss"
 romandie_area: "Romandie"
 romandie_area_name: "Romandie"
 romandie_area_adj: "Romandie"
 upper_rhineland_area: "Baden"
 upper_rhineland_area_name: "Baden"
 upper_rhineland_area_adj: "Badner"
 palatinate_area: "Palatinate"
 palatinate_area_name: "Palatinate"
 palatinate_area_adj: "Palatinatian"
 north_rhine_area: "North Rhine"
 north_rhine_area_name: "Cleves"
 north_rhine_area_adj: "Clevian"
 lower_rhineland_area: "Lower Rhineland"
 lower_rhineland_area_name: "Jullich"
 lower_rhineland_area_adj: "Jullichian"
 luxemburg_liege_area: "Liege"
 luxemburg_liege_area_name: "Liege"
 luxemburg_liege_area_adj: "Liegian"
 westphalia_area: "South Westphalia"
 westphalia_area_name: "Westphalia"
 westphalia_area_adj: "Westphalian"
 hesse_area: "Hesse"
 hesse_area_name: "Hesse"
 hesse_area_adj: "Hessian"
 lower_saxony_area: "Lower Saxony"
 lower_saxony_area_name: "Callenberg"
 lower_saxony_area_adj: "Callenbergian"
 weser_area: "Weser"
 weser_area_name: "Bremen"
 weser_area_adj: "Bremian"
 holstein_area: "Schleswig-Holstein"
 holstein_area_name: "Holstein"
 holstein_area_adj: "Holsteiner"
 braunschweig_area: "Braunschweig"
 braunschweig_area_name: "Braunschweig"
 braunschweig_area_adj: "Braunschweiger"
 mecklenburg_area: "Mecklenburg"
 mecklenburg_area_name: "Mecklenburg"
 mecklenburg_area_adj: "Mecklenburgian"
 macedonia_area: "Macedonia"
 macedonia_area_name: "Macedonia"
 macedonia_area_adj: "Macedonia"
 morea_area: "Morea"
 morea_area_name: "Morea"
 morea_area_adj: "Morea"
 northern_greece_area: "Northern Greece"
 northern_greece_area_name: "Thessaly"
 northern_greece_area_adj: "Thessalian"
 thrace_area: "Thrace"
 thrace_area_name: "Thrace"
 thrace_area_adj: "Thracian"
 bulgaria_area: "Bulgaria"
 bulgaria_area_name: "Bulgaria"
 bulgaria_area_adj: "Bulgarian"
 wallachia_area: "Wallachia"
 wallachia_area_name: "Wallachia"
 wallachia_area_adj: "Wallachian"
 moldavia_area: "Moldavia"
 moldavia_area_name: "Moldavia"
 moldavia_area_adj: "Moldavian"
 transylvania_area: "Northern Transylvania"
 transylvania_area_name: "Transylvania"
 transylvania_area_adj: "Transylvanian"
 southern_transylvania_area: "Southern Transylvania"
 southern_transylvania_area_name: "Kiralyföld"
 southern_transylvania_area_adj: "Kirali"
 slovakia_area: "Slovakia"
 slovakia_area_name: "Slovakia"
 slovakia_area_adj: "Slovakian"
 serbia_area: "Serbia"
 serbia_area_name: "Serbia"
 serbia_area_adj: "Serbian"
 rascia_area: "Rascia"
 rascia_area_name: "Rascia"
 rascia_area_adj: "Rascian"
 albania_area: "Albania"
 albania_area_name: "Albania"
 albania_area_adj: "Albanian"
 bosnia_area: "Bosnia"
 bosnia_area_name: "Bosnia"
 bosnia_area_adj: "Bosnian"
 croatia_area: "Croatia"
 croatia_area_name: "Croatia"
 croatia_area_adj: "Croatian"
 east_adriatic_coast_area: "Dalmatia"
 east_adriatic_coast_area_name: "Dalmatia"
 east_adriatic_coast_area_adj: "Dalmatian"
 alfold_area: "Alföld"
 alfold_area_name: "Debrecen"
 alfold_area_adj: "Debrecian"
 transdanubia_area: "Transdanubia"
 transdanubia_area_name: "Transdanubia"
 transdanubia_area_adj: "Transdanubian"
 odishi_area: "Odishi"
 odishi_area_name: "Imereti"
 odishi_area_adj: "Imeretian"
 armenia_area: "Armenia"
 armenia_area_name: "Armenia"
 armenia_area_adj: "Armenian"
 north_kurdistan_area: "Kurdistan"
 north_kurdistan_area_name: "Kurdistan"
 north_kurdistan_area_adj: "Kurdistani"
 shirvan_area: "Shirvan"
 shirvan_area_name: "Shirvan"
 shirvan_area_adj: "Shirvani"
 circassia_area: "Circassia"
 circassia_area_name: "Circassia"
 circassia_area_adj: "Circassian"
 dagestan_area: "Dagestan"
 dagestan_area_name: "Dagestan"
 dagestan_area_adj: "Dagestanian"
 rum_area: "Rum"
 rum_area_name: "Rum"
 rum_area_adj: "Ruman"
 erzurum_area: "Erzurum"
 erzurum_area_name: "Erzurum"
 erzurum_area_adj: "Erzurumian"
 karaman_area: "Karaman"
 karaman_area_name: "Karaman"
 karaman_area_adj: "Karamani"
 hudavendigar_area: "Hüdavendigar"
 hudavendigar_area_name: "Bursa"
 hudavendigar_area_adj: "Bursan"
 aydin_area: "Aydin"
 aydin_area_name: "Aydin"
 aydin_area_adj: "Aydini"
 kastamonu_area: "Karadeniz"
 kastamonu_area_name: "Kastamon"
 kastamonu_area_adj: "Kastamoni"
 aleppo_area: "Aleppo"
 aleppo_area_name: "Cukurova"
 aleppo_area_adj: "Cukurovan"
 syria_area: "Syria"
 syria_area_name: "Syria"
 syria_area_adj: "Syrian"
 palestine_area: "Palestine"
 palestine_area_name: "Palestine"
 palestine_area_adj: "Palestinian"
 dulkadir_area: "Dulkadir"
 dulkadir_area_name: "Dulkadir"
 dulkadir_area_adj: "Dulkadiri"
 eastern_mediterrenean_islands_area: "Eastern Mediterranean Islands"
 eastern_mediterrenean_islands_area_name: "Rhodes"
 eastern_mediterrenean_islands_area_adj: "Rhodian"
 eastern_aegean_area: "Eastern Aegean"
 eastern_aegean_area_name: "Lesbos"
 eastern_aegean_area_adj: "Lesbian"
 western_aegean_area: "Western Aegean"
 western_aegean_area_name: "Euboea"
 western_aegean_area_adj: "Euboean"
 rakka_area: "Rakka"
 rakka_area_name: "Rakka"
 rakka_area_adj: "Rakkan"
 al_jazira_area: "Al Jazira"
 al_jazira_area_name: "Al Jazira"
 al_jazira_area_adj: "Al Jaziran"
 iraq_arabi_area: "Iraq Arabi"
 iraq_arabi_area_name: "Iraq"
 iraq_arabi_area_adj: "Iraqi"
 basra_area: "Basra"
 basra_area_name: "Basra"
 basra_area_adj: "Basran"
 south_kurdistan_area: "South Kurdistan"
 south_kurdistan_area_name: "Shahrizor"
 south_kurdistan_area_adj: "Shahrizorian"
 bahrain_area: "Bahrain"
 bahrain_area_name: "Bahrain"
 bahrain_area_adj: "Bahraini"
 sarat_area: "Sarat"
 sarat_area_name: "Sarat"
 sarat_area_adj: "Sarati"
 pirate_coast_area: "Pirate Coast"
 pirate_coast_area_adj: "Bani Yas"
 pirate_coast_area_name: "Bani Yas"
 yamamah_area: "al-Yamamah"
 yamamah_area_name: "Najd"
 yamamah_area_adj: "Najdi"
 qasim_area: "al-Qasim"
 qasim_area_name: "Qasim"
 qasim_area_adj: "Qasimi"
 hejaz_area: "Hejaz"
 hejaz_area_name: "Hejaz"
 hejaz_area_adj: "Hejazi"
 tabuk_area: "Tabuk"
 tabuk_area_name: "Tabuk"
 tabuk_area_adj: "Tabukian"
 yemen_area: "Lower Yemen"
 yemen_area_name: "Yemen"
 yemen_area_adj: "Yemen"
 hadramut_area: "Hadramut"
 hadramut_area_name: "Hadramut"
 hadramut_area_adj: "Hadramut"
 dhofar_area: "Dhofar"
 dhofar_area_name: "Dhofar"
 dhofar_area_adj: "Dhofari"
 oman_area: "Oman"
 oman_area_name: "Oman"
 oman_area_adj: "Omani"
 gharbia_area: "Gharbia"
 gharbia_area_name: "Alexandria"
 gharbia_area_adj: "Alexandrian"
 sharqiya_area: "Sharqiya"
 sharqiya_area_name: "Sinai"
 sharqiya_area_adj: "Sinaian"
 central_egypt_area: "Central Egypt"
 central_egypt_area_name: "Egypt"
 central_egypt_area_adj: "Egyptian"
 upper_egypt_area: "Upper Egypt"
 upper_egypt_area_name: "Aswan"
 upper_egypt_area_adj: "Aswani"
 libyan_desert_area: "Libyan Desert"
 libyan_desert_area_name: "Kharga"
 libyan_desert_area_adj: "Khargan"
 cyrenaica_area: "Cyrenaica"
 cyrenaica_area_name: "Cyrenaica"
 cyrenaica_area_adj: "Cyrenaican"
 tripolitania_area: "Tripolitania"
 tripolitania_area_name: "Tripolitania"
 tripolitania_area_adj: "Tripolitanian"
 fezzan_area: "Fezzan"
 fezzan_area_name: "Fezzan"
 fezzan_area_adj: "Fezzanian"
 tunisia_area: "Tunisia"
 tunisia_area_name: "Tunisia"
 tunisia_area_adj: "Tunisian"
 kabylia_area: "Kabylia"
 kabylia_area_name: "Kabylia"
 kabylia_area_adj: "Kabylian"
 algiers_area: "Algiers"
 algiers_area_name: "Algiers"
 algiers_area_adj: "Algierian"
 hautes_plaines_area: "Hautes Plains"
 hautes_plaines_area_name: "Titteri"
 hautes_plaines_area_adj: "Titterian"
 ouled_nail_area: "Ouled Nail"
 ouled_nail_area_name: "Ouled Nail"
 ouled_nail_area_adj: "Ouled Nail"
 djerba_area: "Djerba"
 djerba_area_name: "Djerba"
 djerba_area_adj: "Djerban"
 north_saharan_area: "North Sahara"
 north_saharan_area_name: "Djerid"
 north_saharan_area_adj: "Djeridian"
 tafilalt_area: "Tafilalt"
 tafilalt_area_name: "Tafilalt"
 tafilalt_area_adj: "Tafilalt"
 sus_area: "Sus"
 sus_area_name: "Sus"
 sus_area_adj: "Sus"
 marrekesh_area: "Central Morocco"
 marrekesh_area_name: "Marrekesh"
 marrekesh_area_adj: "Marrekesh"
 western_morocco_area: "Gharb"
 western_morocco_area_name: "Safi"
 western_morocco_area_adj: "Safian"
 southern_morocco_area: "Southern Morocco"
 southern_morocco_area_name: "Saadia"
 southern_morocco_area_adj: "Saadian"
 fez_area: "Fez"
 fez_area_name: "Fez"
 fez_area_adj: "Fez"
 northern_morocco_area: "North Morocco"
 northern_morocco_area_name: "Ceuta"
 northern_morocco_area_adj: "Ceutan"
 madagascar_area: "Madagascar"
 madagascar_area_name: "Madagascar"
 madagascar_area_adj: "Madagascan"
 bunyoro_area: "Bunyoro"
 bunyoro_area_name: "Bunyoro"
 bunyoro_area_adj: "Bunyoran"
 uganda_area: "Uganda"
 uganda_area_name: "Uganda"
 uganda_area_adj: "Ugandan"
 rwanda_area: "Rwanda"
 rwanda_area_name: "Rwanda"
 rwanda_area_adj: "Rwandan"
 jubba_area: "Jubba"
 jubba_area_name: "Jubba"
 jubba_area_adj: "Jubban"
 tanzania_area: "Tanzania"
 tanzania_area_name: "Tanzania"
 tanzania_area_adj: "Tanzanian"
 buha_area: "Buha"
 buha_area_name: "Buha"
 buha_area_adj: "Buhan"
 buzinza_area: "Buzinza"
 buzinza_area_name: "Buzinza"
 buzinza_area_adj: "Buzinzan"
 luba_area: "Luba"
 luba_area_name: "Luba"
 luba_area_adj: "Luban"
 katanga_area: "Shaba"
 katanga_area_name: "Katanga"
 katanga_area_adj: "Katangan"
 chokwe_area: "Chokwe"
 chokwe_area_name: "Chokwe"
 chokwe_area_adj: "Chokwan"
 zambia_area: "Zambia"
 zambia_area_name: "Zambia"
 zambia_area_adj: "Zambian"
 lower_zambezi_area: "Lower Zambezi"
 lower_zambezi_area_name: "Zambezi"
 lower_zambezi_area_adj: "Zambezi"
 upper_zambezi_area: "Upper Zambezi"
 upper_zambezi_area_name: "Nsenga"
 upper_zambezi_area_adj: "Nsengan"
 butua_area: "Butua"
 butua_area_name: "Butua"
 butua_area_adj: "Butuan"
 shire_area: "Shire"
 shire_area_name: "Malawi"
 shire_area_adj: "Malawian"
 coastal_kongo: "Kongolese Coast"
 coastal_kongo_name: "Soyo"
 coastal_kongo_adj: "Soyoan"
 lower_kasai: "Lower Kasai"
 lower_kasai_name: "Tyo"
 lower_kasai_adj: "Tyoan"
 sankuru_area: "Sankuru"
 sankuru_area_adj: "Sankuru"
 sankuru_area_name: "Sankuran"
 kasai_area: "Kasai"
 kasai_area_name: "Kasai"
 kasai_area_adj: "Kasian"
 matamba_area: "Matamba"
 matamba_area_name: "Matamba"
 matamba_area_adj: "Matamban"
 ngonde_area: "Ngonde"
 ngonde_area_adj: "Ngondian"
 ngonde_area_name: "Ngonde"
 uticulo_makuana_area: "Makuana"
 uticulo_makuana_area_name: "Makuana"
 uticulo_makuana_area_adj: "Makuanan"
 ruvuma_area: "Ruvuma"
 ruvuma_area_name: "Ruvuma"
 ruvuma_area_adj: "Ruvuman"
 zimbabwe_area: "Zimbabwe"
 zimbabwe_area_name: "Zimbabwe"
 zimbabwe_area_adj: "Zimbabwean"
 mozambique_area: "Mozambique"
 mozambique_area_name: "Mozambique"
 mozambique_area_adj: "Mozambique"
 central_swahili_coast_area: "Central Swahili Coast"
 central_swahili_coast_area_name: "Zanzibar"
 central_swahili_coast_area_adj: "Zanzibari"
 mombasa_area: "Mombasa"
 mombasa_area_name: "Mombasa"
 mombasa_area_adj: "Mombasan"
 northern_swahili_coast_area: "Northern Swahili Coast"
 northern_swahili_coast_area_name: "Pate"
 northern_swahili_coast_area_adj: "Pati"
 east_african_islands_area: "East African Islands"
 east_african_islands_area_name: "Kilwa"
 east_african_islands_area_adj: "Kilwan"
 ogaden_area: "Ogaden"
 ogaden_area_name: "Ogaden"
 ogaden_area_adj: "Ogadeni"
 darfur_central_sahara_area: "Central Sahara"
 darfur_central_sahara_area_name: "Darfur"
 darfur_central_sahara_area_adj: "Darfuran"
 kurdufan_area: "Kurdufan"
 kurdufan_area_name: "Kurdufan"
 kurdufan_area_adj: "Kurdufani"
 lower_nubia_area: "Lower Nubia"
 lower_nubia_area_name: "Nubia"
 lower_nubia_area_adj: "Nubian"
 sennar_area: "Sennar"
 sennar_area_name: "Sennar"
 sennar_area_adj: "Sennari"
 dongola_area: "Dongola"
 dongola_area_name: "Dongola"
 dongola_area_adj: "Dongolan"
 upper_nubia_area: "Upper Nubia"
 upper_nubia_area_name: "Alodia"
 upper_nubia_area_adj: "Alodian"
 red_sea_coast_area: "Red Sea Coast"
 red_sea_coast_area_name: "Medri Bahri"
 red_sea_coast_area_adj: "Medri Bahrian"
 aussa_area: "Aussa"
 aussa_area_name: "Aussa"
 aussa_area_adj: "Aussan"
 tigray_area: "Tigray"
 tigray_area_name: "Tigray"
 tigray_area_adj: "Tigray"
 damot_area: "Damot"
 damot_area_name: "Damot"
 damot_area_adj: "Damotian"
 shewa_area: "Shewa"
 shewa_area_name: "Shewa"
 shewa_area_adj: "Shewan"
 bete_amhara_area: "Bete Amhara"
 ifat_area: "Ifat"
 ifat_area_name: "Ifat"
 ifat_area_adj: "Ifati"
 somaliland_area: "Somaliland"
 somaliland_area_name: "Somaliland"
 somaliland_area_adj: "Somali"
 southern_ethiopia_area: "Kaffa"
 southern_ethiopia_area_name: "Kaffa"
 southern_ethiopia_area_adj: "Kaffa"
 hadiya_area: "Hadiya"
 hadiya_area_name: "Hadiya"
 hadiya_area_adj: "Hadiyan"
 central_ethiopia_area: "Central Ethiopia"
 central_ethiopia_area_name: "Ethiopia"
 central_ethiopia_area_adj: "Ethiopian"
 mogadishu_area: "Mogadishu"
 mogadishu_area_name: "Mogadishu"
 mogadishu_area_adj: "Mogadishuan"
 ajuuran_area: "Ajuuraan"
 ajuuran_area_name: "Ajuuraan"
 ajuuran_area_adj: "Ajuuraani"
 majarteen_area: "Majeerteen"
 majarteen_area_name: "Majeerteen"
 majarteen_area_adj: "Majeerteeni"
 mascarenes_area: "Mascarenes"
 mascarenes_area_name: "Mascarenes"
 mascarenes_area_adj: "Mascareni"
 indian_ocean_islands_area: "Indian Ocean Islands"
 indian_ocean_islands_area_name: "Maldives"
 indian_ocean_islands_area_adj: "Maldivian"
 vogelkop_area: "Vogelkop Peninsula"
 vogelkop_area_name: "Vogelkop"
 vogelkop_area_adj: "Vogelkopian"
 papua_area: "Papuan Peninsula"
 papua_area_name: "Papua"
 papua_area_adj: "Papuan"
 melanesia_area: "Melanesia"
 melanesia_area_name: "Melanesia"
 melanesia_area_adj: "Melanesian"
 fiji_area: "Fiji"
 fiji_area_name: "Fiji"
 fiji_area_adj: "Fijian"
 west_micronesia_area: "West Micronesia"
 west_micronesia_area_name: "Palau"
 west_micronesia_area_adj: "Palauan"
 micronesia_area: "East Micronesia"
 micronesia_area_name: "Micronesia"
 micronesia_area_adj: "Micronesian"
 western_australia_area: "Perth"
 western_australia_area_name: "Perth"
 western_australia_area_adj: "Perthian"
 top_end_area: "Top End"
 top_end_area_name: "Top End"
 top_end_area_adj: "Top Ender"
 northern_australia_area: "Capricornia"
 northern_australia_area_name: "Capricornia"
 northern_australia_area_adj: "Capricornian"
 eastern_australia_area: "New South Wales"
 eastern_australia_area_name: "New South Wales"
 eastern_australia_area_adj: "New South Welsh"
 murray_river_area: "Princeland"
 murray_river_area_name: "Princeland"
 murray_river_area_adj: "Princelander"
 southern_australia_area: "Victoria"
 southern_australia_area_name: "Victoria"
 southern_australia_area_adj: "Victorian"
 north_queensland_area: "Queensland"
 north_queensland_area_name: "Queensland"
 north_queensland_area_adj: "Queenslander"
 south_queensland_area: "Brisbane"
 south_queensland_area_name: "Brisbane"
 south_queensland_area_adj: "Brisbaner"
 illawara_area: "Illawara"
 illawara_area_name: "Illawara"
 illawara_area_adj: "Illawara"
 pilbara_area: "Pilbara"
 pilbara_area_name: "Pilbara"
 pilbara_area_adj: "Pilbaran"
 tasmania_area: "Tasmania"
 tasmania_area_name: "Tasmania"
 tasmania_area_adj: "Tasmanian"
 eastern_polynesia_area: "Eastern Polynesia"
 eastern_polynesia_area_name: "Tahiti"
 eastern_polynesia_area_adj: "Tahitian"
 northern_polynesia_area: "Northern Polynesia"
 northern_polynesia_area_name: "Hawaii"
 northern_polynesia_area_adj: "Hawaiian"
 polynesia_area: "Polynesia"
 polynesia_area_name: "Polynesia"
 polynesia_area_adj: "Polynesian"
 te_ika_a_maui_hauauru_area: "Te Ika a Maui Hauauru"
 te_ika_a_maui_hauauru_area_name: "Te Ika a Maui Hauauru"
 te_ika_a_maui_hauauru_area_adj: "Western Maori"
 te_ika_a_maui_waho_area: "Te Ika a Maui Waho"
 te_ika_a_maui_waho_area_name: "Te Ika a Maui Waho"
 te_ika_a_maui_waho_area_adj: "Eastern Maori"
 te_waipounamu_area: "Te Waipounamu"
 te_waipounamu_area_name: "Te Waipounamu"
 te_waipounamu_area_adj: "Southern Maori"
 western_sahara_area: "Western Sahara"
 western_sahara_area_name: "Azawad"
 western_sahara_area_adj: "Azawadi"
 cap_verde_area: "Cap Verde"
 cap_verde_area_name: "Cap Verde"
 cap_verde_area_adj: "Cap Verdian"
 jolof_area: "Jolof"
 jolof_area_name: "Jolof"
 jolof_area_adj: "Jolofian"
 tekrur_area: "Tekrur"
 tekrur_area_name: "Tekrur"
 tekrur_area_adj: "Tekruri"
 baghena_area: "Baghena"
 baghena_area_name: "Baghena"
 baghena_area_adj: "Baghenan"
 manding_area: "Manding"
 manding_area_name: "Manding"
 manding_area_adj: "Mandingi"
 futa_jallon_area: "Futa Jallon"
 futa_jallon_area_name: "Futa Jallon"
 futa_jallon_area_adj: "Futa Jalloni"
 jenne_area: "Jenne"
 jenne_area_name: "Jenne"
 jenne_area_adj: "Jennean"
 massina_area: "Massina"
 massina_area_name: "Macina"
 massina_area_adj: "Macina"
 niger_bend_area: "Niger Bend"
 niger_bend_area_name: "Timbuktu"
 niger_bend_area_adj: "Timbuktuan"
 upper_volta_area: "Upper Volta"
 upper_volta_area_name: "Burkina Faso"
 upper_volta_area_adj: "Burkinabe"
 kong_area: "Kong"
 kong_area_name: "Kong"
 kong_area_adj: "Kong"
 lower_volta_area: "Lower Volta"
 lower_volta_area_name: "Volta"
 lower_volta_area_adj: "Voltan"
 lower_niger_area: "Lower Niger"
 lower_niger_area_name: "Ondo"
 lower_niger_area_adj: "Ondoan"
 hausa_area: "Kano"
 hausa_area_name: "Hausaland"
 hausa_area_adj: "Hausan"
 katsina_area: "Katsina"
 katsina_area_name: "Katsina"
 katsina_area_adj: "Katsinan"
 zazzau_area: "Zazzau"
 zazzau_area_name: "Zazzau"
 zazzau_area_adj: "Zazzauan"
 bornu_area: "Bornu"
 bornu_area_name: "Bornu"
 bornu_area_adj: "Bornuan"
 kanem_area: "Kanem"
 kanem_area_name: "Kanem"
 kanem_area_adj: "Kanem"
 adamawa_plateau_area: "Adamawa Plateau"
 adamawa_plateau_area_name: "Yola"
 adamawa_plateau_area_adj: "Yolan"
 dendi_area: "Dendi"
 dendi_area_name: "Dendi"
 dendi_area_adj: "Dendi"
 azbin_area: "West Azbin"
 azbin_area_name: "Air"
 azbin_area_adj: "Air"
 east_azbin_area: "East Azbin"
 east_azbin_area_name: "Azbin"
 east_azbin_area_adj: "Azbini"
 atacora_oueme_area: "Atacora Oueme"
 atacora_oueme_area_name: "Dahomey"
 atacora_oueme_area_adj: "Dahomey"
 benin_area: "Benin"
 benin_area_name: "Benin"
 benin_area_adj: "Beninese"
 gulf_of_guinea_area: "Gulf of Guinea"
 gulf_of_guinea_area_name: "Benin"
 gulf_of_guinea_area_adj: "Beninan"
 west_africa_coast_area: "West African Coast"
 west_africa_coast_area_name: "Gold Coast"
 west_africa_coast_area_adj: "Golden"
 guinea_coast_area: "Guinea"
 guinea_coast_area_name: "Guinea"
 guinea_coast_area_adj: "Guinean"
 south_atlantic_islands_area: "South Atlantic Islands"
 south_atlantic_islands_area_name: "Tristan da Cunha"
 south_atlantic_islands_area_adj: "Tristan da Cunhan"
 kongo_area: "Kongo"
 kongo_area_name: "Kongo"
 kongo_area_adj: "Kongolese"
 angola_namibia_area: "Angola"
 angola_namibia_area_name: "Angola"
 angola_namibia_area_adj: "Angolan"
 west_congo_area: "West Kongo"
 west_congo_area_name: "Loango"
 west_congo_area_adj: "Loangoan"
 cape_of_good_hope_area: "Cape of Good Hope"
 cape_of_good_hope_area_name: "Cape"
 cape_of_good_hope_area_adj: "Capian"
 south_african_plateau_area: "South African Plateau"
 south_african_plateau_area_name: "South Africa"
 south_african_plateau_area_adj: "South African"
 makran_area: "Makran"
 makran_area_name: "Makran"
 makran_area_adj: "Makrani"
 sistan_area: "Sistan"
 sistan_area_name: "Sistan"
 sistan_area_adj: "Sistani"
 kalat_area: "Kalat"
 kalat_area_name: "Kalat"
 kalat_area_adj: "Kalat"
 ferghana_area: "Ferghana"
 ferghana_area_name: "Ferghana"
 ferghana_area_adj: "Ferghana"
 arys_area: "Arys"
 arys_area_name: "Arys"
 arys_area_adj: "Arys"
 kabulistan_area: "Kabulistan"
 kabulistan_area_name: "Kabulistan"
 kabulistan_area_adj: "Kabulistan"
 ghor_area: "Ghor"
 ghor_area_name: "Ghor"
 ghor_area_adj: "Ghorian"
 kyzylkum_area: "Kyzylkum"
 kyzylkum_area_name: "Turkestan"
 kyzylkum_area_adj: "Turkestani"
 transoxiana_area: "Transoxiana"
 transoxiana_area_name: "Transoxiana"
 transoxiana_area_adj: "Transoxianian"
 khiva_area: "Khiva"
 khiva_area_name: "Khiva"
 khiva_area_adj: "Khiva"
 transcaspia_area: "Transcaspia"
 transcaspia_area_name: "Turkmenistan"
 transcaspia_area_adj: "Turkoman"
 khorasan_area: "Khorasan"
 khorasan_area_name: "Khorasan"
 khorasan_area_adj: "Khorasan"
 merv_area: "Merv"
 merv_area_name: "Merv"
 merv_area_adj: "Mervian"
 luristan_area: "Luristan"
 luristan_area_name: "Luristan"
 luristan_area_adj: "Luristani"
 balkh_area: "Balkh"
 balkh_area_name: "Balkh"
 balkh_area_adj: "Balkhi"
 kerman_area: "Kerman"
 kerman_area_name: "Kerman"
 kerman_area_adj: "Kermani"
 persian_gulf_coast: "Gulf Coast"
 persian_gulf_coast_name: "Ormuz"
 persian_gulf_coast_adj: "Ormuzi"
 farsistan_area: "Farsistan"
 farsistan_area_name: "Farsistan"
 farsistan_area_adj: "Farsistani"
 iraq_e_ajam_area: "Iraq-e-Ajam"
 iraq_e_ajam_area_name: "Persia"
 iraq_e_ajam_area_adj: "Persian"
 isfahan_area: "Isfahan"
 isfahan_area_name: "Isfahan"
 isfahan_area_adj: "Isfahani"
 azerbaijan_area: "Azerbaijan"
 azerbaijan_area_name: "Azerbaijan"
 azerbaijan_area_adj: "Azerbaijani"
 tabriz_area: "Tabriz"
 tabriz_area_name: "Tabriz"
 tabriz_area_adj: "Tabrizian"
 tabarestan_area: "Tabarestan"
 tabarestan_area_name: "Tabarestan"
 tabarestan_area_adj: "Tabarestani"
 upper_doab_area: "Upper Doab"
 upper_doab_area_name: "Delhi"
 upper_doab_area_adj: "Delhian"
 sirhind_area: "Sirhind"
 sirhind_area_name: "Sirhind"
 sirhind_area_adj: "Sirhindi"
 central_doab_area: "Central Doab"
 central_doab_area_name: "Agra"
 central_doab_area_adj: "Agran"
 oudh_area: "Oudh"
 oudh_area_name: "Oudh"
 oudh_area_adj: "Oudhian"
 purvanchal_area: "Purvanchal"
 purvanchal_area_name: "Jaunpur"
 purvanchal_area_adj: "Jaunpuri"
 lower_doab_area: "Lower Doab"
 lower_doab_area_name: "Kalpi"
 lower_doab_area_adj: "Kalpian"
 lahore_area: "Lahore"
 lahore_area_name: "Lahore"
 lahore_area_adj: "Lahoran"
 multan_area: "Multan"
 multan_area_name: "Multan"
 multan_area_adj: "Multani"
 west_bengal_area: "West Bengal"
 west_bengal_area_name: "Bengal"
 west_bengal_area_adj: "Bengali"
 naga_hills_area: "Naga Hills"
 naga_hills_area_name: "Nagaland"
 naga_hills_area_adj: "Nagan"
 east_bengal_area: "East Bengal"
 east_bengal_area_name: "Dacca"
 east_bengal_area_adj: "Daccan"
 north_bengal_area: "North Bengal"
 north_bengal_area_name: "Koch"
 north_bengal_area_adj: "Kochi"
 gaur_area: "Gaur"
 gaur_area_name: "Gau<r"
 gaur_area_adj: "Gauri"
 bihar_area: "Bihar"
 bihar_area_name: "Bihar"
 bihar_area_adj: "Bihari"
 jharkhand_area: "Jharkhand"
 jharkhand_area_name: "Jharkhand"
 jharkhand_area_adj: "Jharkhandi"
 gondwana_area: "Gondwana"
 gondwana_area_name: "Gondwana"
 gondwana_area_adj: "Gond"
 sind_sagar_area: "Sind Sagar"
 sind_sagar_area_name: "Kokharia"
 sind_sagar_area_adj: "Kokhari"
 mithila_area: "Mithila"
 mithila_area_name: "Mithila"
 mithila_area_adj: "Mithila"
 baghelkhand_area: "Baghelkhand"
 baghelkhand_area_name: "Baghelkhand"
 baghelkhand_area_adj: "Baghelkhandi"
 malabar_area: "Malabar"
 malabar_area_name: "Malabar"
 malabar_area_adj: "Malabarese"
 upper_mahanadi_area: "Upper Mahanadi"
 upper_mahanadi_area_name: "Sambalpur"
 upper_mahanadi_area_adj: "Sambalpuri"
 bundelkhand_area: "Bundelkhand"
 bundelkhand_area_name: "Bundelkhand"
 bundelkhand_area_adj: "Bundelkhandi"
 tripura_area: "Tripura"
 tripura_area_name: "Tripura"
 tripura_area_adj: "Tripuran"
 gird_area: "Gird"
 gird_area_name: "Gird"
 gird_area_adj: "Girdi"
 ahmednagar_area: "Ahmednagar"
 ahmednagar_area_name: "Ahmednagar"
 ahmednagar_area_adj: "Ahmednagari"
 patan_area: "Patan"
 patan_area_name: "Patan"
 patan_area_adj: "Patani"
 khandesh_area: "Khandesh"
 jangladesh_area: "Jangladesh"
 jangladesh_area_name: "Bikaner"
 jangladesh_area_adj: "Bikaneri"
 khandesh_area_name: "Khandesh"
 khandesh_area_adj: "Khandeshi"
 orissa_area: "Orissa"
 orissa_area_name: "Orissa"
 orissa_area_adj: "Orissan"
 garjat_area: "Garjat"
 garjat_area_name: "Garjat"
 garjat_area_adj: "Garjati"
 telingana_area: "North Telingana"
 telingana_area_name: "Telingana"
 telingana_area_adj: "Telinganan"
 andhra_area: "Andhra"
 andhra_area_name: "Andhra"
 andhra_area_adj: "Andhran"
 rayalaseema_area: "Rayalaseema"
 rayalaseema_area_name: "Vijayanagar"
 rayalaseema_area_adj: "Vijayanagari"
 kerala_area: "Kerala"
 kerala_area_name: "Malabar"
 kerala_area_adj: "Malabari"
 malwa_area: "Malwa"
 malwa_area_name: "Malwa"
 malwa_area_adj: "Malwan"
 mewar_area: "Mewar"
 mewar_area_name: "Mewar"
 mewar_area_adj: "Mewari"
 marwar_area: "Marwar"
 marwar_area_name: "Marwar"
 marwar_area_adj: "Marwari"
 jaipur_area: "Jaipur"
 jaipur_area_name: "Jaipur"
 jaipur_area_adj: "Jaipur"
 baisi_rajya_area: "Baisi Rajya"
 baisi_rajya_area_name: "Jumbla"
 baisi_rajya_area_adj: "Jumblan"
 bhutan_area: "Bhutan"
 bhutan_area_name: "Bhutan"
 bhutan_area_adj: "Bhutanese"
 katehar_area: "Katehar"
 katehar_area_name: "Rohilkhand"
 katehar_area_adj: "Rohilkhandi"
 sindh_area: "Southern Sindh"
 sindh_area_name: "Sindh"
 sindh_area_adj: "Sindhi"
 northern_sindh_area: "Northern Sindh"
 northern_sindh_area_name: "Khairpur"
 northern_sindh_area_adj: "Khairpurian"
 carnatic_area: "Carnatic"
 carnatic_area_name: "Carnatic"
 carnatic_area_adj: "Carnatic"
 coromandel_area: "Coromandel"
 coromandel_area_name: "Coromandel"
 coromandel_area_adj: "Coromandel"
 madura_area: "Madura"
 madura_area_name: "Madurai"
 madura_area_adj: "Maduran"
 konkan_area: "Konkan"
 konkan_area_name: "Chaul"
 konkan_area_adj: "Chauli"
 kanara_area: "Kanara"
 kanara_area_name: "Kanara"
 kanara_area_adj: "Kanaran"
 maidan_area: "Maidan"
 maidan_area_name: "Bijapur"
 maidan_area_adj: "Bijapuri"
 mysore_area: "Mysore"
 mysore_area_name: "Mysore"
 mysore_area_adj: "Mysorean"
 maharashtra_area: "Maharashtra"
 maharashtra_area_name: "Maharashtra"
 maharashtra_area_adj: "Maharashtran"
 desh_area: "Desh"
 desh_area_name: "Pune"
 desh_area_adj: "Punean"
 assam_area: "Assam"
 assam_area_name: "Assam"
 assam_area_adj: "Assamese"
 himalayan_hills_area: "Himalayan Hills"
 himalayan_hills_area_name: "Garhwal"
 himalayan_hills_area_adj: "Garhwali"
 nepal_area: "Nepal"
 nepal_area_name: "Nepal"
 nepal_area_adj: "Nepalese"
 kashmir_area: "Kashmir"
 kashmir_area_name: "Kashmir"
 kashmir_area_adj: "Kashmiri"
 tanjore_area: "Tanjore"
 tanjore_area_name: "Tanjore"
 tanjore_area_adj: "Tanjorean"
 kongu_area: "Kongu"
 kongu_area_name: "Kongu"
 kongu_area_adj: "Konguan"
 south_carnatic_area: "South Carnatic"
 south_carnatic_area_name: "Arcot"
 south_carnatic_area_adj: "Arcoti"
 north_carnatic_area: "North Carnatic"
 north_carnatic_area_name: "Kosta"
 north_carnatic_area_adj: "Kostan"
 berar_area: "Berar"
 berar_area_name: "Berar"
 berar_area_adj: "Berari"
 golconda_area: "South Telingana"
 golconda_area_name: "Golconda"
 golconda_area_adj: "Golcondan"
 raichur_doab_area: "Raichur Doab"
 raichur_doab_area_name: "Raichur"
 raichur_doab_area_adj: "Raichuri"
 lanka_area: "North Lanka"
 lanka_area_name: "Lanka"
 lanka_area_adj: "Lankan"
 south_lanka_area: "South Lanka"
 south_lanka_area_name: "Kotte"
 south_lanka_area_adj: "Kottean"
 gujarat_area: "Gujarat"
 gujarat_area_name: "Gujarat"
 gujarat_area_adj: "Gujarati"
 ahmedabad_area: "Ahmedabad"
 ahmedabad_area_name: "Ahmedabad"
 ahmedabad_area_adj: "Hmedabadi"
 tapti_area: "Tapti"
 tapti_area_name: "Baroda"
 tapti_area_adj: "Barodan"
 saurashtra_area: "Saurashtra"
 saurashtra_area_name: "Saurashtra"
 saurashtra_area_adj: "Saurashtran"
 upper_burma_area: "Upper Burma"
 upper_burma_area_name: "Ava"
 upper_burma_area_adj: "Avan"
 lower_burma_area: "Lower Burma"
 lower_burma_area_name: "Burma"
 lower_burma_area_adj: "Burman"
 kachin_area: "Kachin"
 kachin_area_name: "Kachin"
 kachin_area_adj: "Kachini"
 shan_hill_area: "Shan Hills"
 shan_hill_area_adj: "Shan"
 shan_hill_area_name: "Shan"
 karenni_area: "Karenni"
 karenni_area_name: "Karreni"
 karenni_area_adj: "Karreni"
 arakan_area: "Rakhine"
 arakan_area_name: "Arakan"
 arakan_area_adj: "Arakanese"
 malaya_area: "Malaya"
 malaya_area_name: "Malaya"
 malaya_area_adj: "Malayan"
 khorat_area: "Khorat"
 khorat_area_name: "Khorat"
 khorat_area_adj: "Khorati"
 champa_area: "Champa"
 champa_area_name: "Champa"
 champa_area_adj: "Champan"
 cambodia_area: "Cambodia"
 cambodia_area_name: "Cambodia"
 cambodia_area_adj: "Cambodian"
 mekong_area: "Mekong"
 mekong_area_name: "Phnom Pen"
 mekong_area_adj: "Phnom Peni"
 malacca_area: "Malacca"
 malacca_area_name: "Malacca"
 malacca_area_adj: "Malaccan"
 tenasserim_area: "Central Tenasserim"
 tenasserim_area_name: "Ligor"
 tenasserim_area_adj: "Ligoran"
 north_tenasserim_area: "North Tenasserim"
 north_tenasserim_area_name: "Ratchaburi"
 north_tenasserim_area_adj: "Ratchaburi"
 red_river_delta_area: "Sông Hông"
 red_river_delta_area_name: "Vietnam"
 red_river_delta_area_adj: "Vietnamese"
 vietnam_area: "Annam"
 vietnam_area_name: "Annam"
 vietnam_area_adj: "Annamese"
 south_laos_area: "South Laos"
 south_laos_area_name: "Vientiane"
 south_laos_area_adj: "Vientianian"
 north_laos_area: "Luang Prabang"
 north_laos_area_name: "Luang Prabang"
 north_laos_area_adj: "Luang Prabangi"
 central_thai_area: "Central Thailand"
 central_thai_area_name: "Ayutthaya"
 central_thai_area_adj: "Ayutthayan"
 northern_thai_area: "Chiang Mai"
 northern_thai_area_name: "Lan Na"
 northern_thai_area_adj: "Lan Naan"
 great_moluccas_area: "Great Moluccas"
 great_moluccas_area_name: "Moluccas"
 great_moluccas_area_adj: "Moluccan"
 luzon_area: "Northern Luzon"
 luzon_area_name: "Luzon"
 luzon_area_adj: "Luzonian"
 mindanao_area: "East Mindanao"
 mindanao_area_name: "Mindanao"
 mindanao_area_adj: "Mindanaoan"
 north_sumatra_area: "Aceh"
 north_sumatra_area_name: "Lamuri"
 north_sumatra_area_adj: "Lamuran"
 batak_area: "Batak"
 batak_area_name: "Batak"
 batak_area_adj: "Bataki"
 central_sumatra_area: "Riau"
 central_sumatra_area_name: "Jambi"
 central_sumatra_area_adj: "Jamban"
 minangkabau_area: "Minangkabau"
 minangkabau_area_name: "Minangkabau"
 minangkabau_area_adj: "Minangkabaun"
 south_sumatra_area: "Lampung"
 south_sumatra_area_name: "Bengkulu"
 south_sumatra_area_adj: "Bengkulan"
 indonesian_islands_area: "Indonesian Islands"
 indonesian_islands_area_name: "Indonesian Islands"
 indonesian_islands_area_adj: "Indonesian"
 east_java_area: "East Java"
 east_java_area_name: "Sunda"
 east_java_area_adj: "Sundan"
 central_java_area: "Central Java"
 central_java_area_name: "Karta"
 central_java_area_adj: "Kartan"
 west_java_area: "West Java"
 west_java_area_name: "Kediri"
 west_java_area_adj: "Kedirian"
 kutai_area: "Kutai"
 kutai_area_name: "Kutai"
 kutai_area_adj: "Kutai"
 brunei_area: "Brunei"
 brunei_area_name: "Brunei"
 brunei_area_adj: "Bruneian"
 kalimantan_area: "Kalimantan"
 kalimantan_area_name: "Kalimantan"
 kalimantan_area_adj: "Kalimantan"
 spice_islands_area: "Spice Islands"
 spice_islands_area_name: "Tidore"
 spice_islands_area_adj: "Tidoran"
 ceram_area: "Ceram"
 ceram_area_name: "Ceram"
 ceram_area_adj: "Ceramese"
 molluca_area: "Moluccas"
 molluca_area_name: "Ternate"
 molluca_area_adj: "Ternatian"
 lesser_sunda_islands_area: "Lesser Sunda Islands"
 lesser_sunda_islands_area_name: "Bali"
 lesser_sunda_islands_area_adj: "Balian"
 timor_area: "Timor"
 timor_area_name: "Timor"
 timor_area_adj: "Timoran"
 sulawesi_area: "North Sulawesi"
 sulawesi_area_name: "Palu"
 sulawesi_area_adj: "Paluan"
 south_sulawesi_area: "South Sulawesi"
 south_sulawesi_area_name: "Makassar"
 south_sulawesi_area_adj: "Makassari"
 western_korea_area: "Western Korea"
 western_korea_area_name: "Gyeonggi"
 western_korea_area_adj: "Gyeonggi"
 hamgyeong_area: "Hamgyeong"
 hamgyeong_area_name: "Hamgyeong"
 hamgyeong_area_adj: "Hamgyeongi"
 pyongan_area: "Pyongan"
 pyongan_area_name: "Pyongan"
 pyongan_area_adj: "Pyongani"
 central_korea_area: "Central Korea"
 central_korea_area_name: "Korea"
 central_korea_area_adj: "Korean"
 south_korea_area: "Southern Korea"
 south_korea_area_name: "Jeolla"
 south_korea_area_adj: "Jeollan"
 eastern_korea_area: "Eastern Korea"
 eastern_korea_area_name: "Gyeongsang"
 eastern_korea_area_adj: "Gyeongsangi"
 hokkaido_area: "Hokkaido"
 hokkaido_area_name: "Hokkaido"
 hokkaido_area_adj: "Hokkaidoan"
 kyushu_area: "Southern Kyushu"
 kyushu_area_name: "Kyushu"
 kyushu_area_adj: "Kyushuan"
 northern_kyushu: "Northern Kyushu"
 northern_kyushu_adj: "Hizeni"
 northern_kyushu_name: "Hizen"
 chubu_area: "Western Chubu"
 chubu_area_name: "Chubu"
 chubu_area_adj: "Chubuan"
 thohoku_area: "Tohoku"
 thohoku_area_name: "Tohoku"
 thohoku_area_adj: "Tohokuan"
 kinai_area: "Kinai"
 kinai_area_name: "Kinai"
 kinai_area_adj: "Kinai"
 kanto_area: "Western Kanto"
 kanto_area_name: "Kanto"
 kanto_area_adj: "Kanto"
 eastern_kanto_area: "Eastern Kanto"
 eastern_kanto_area_name: "Hitachi"
 eastern_kanto_area_adj: "Hitachi"
 shikoku_area: "Shikoku"
 shikoku_area_name: "Shikoku"
 shikoku_area_adj: "Shikokuan"
 east_china_sea_islands_area: "East China Sea Islands"
 east_china_sea_islands_area_name: "Ryukyu"
 east_china_sea_islands_area_adj: "Ryukyuan"
 kolyma_area: "Kolyma"
 kolyma_area_name: "Kolyma"
 kolyma_area_adj: "Kolyman"
 kansai_area: "Kansai"
 kansai_area_name: "Kansai"
 kansai_area_adj: "Kansai"
 sanindo_area: "San'indo"
 sanindo_area_name: "San'indo"
 sanindo_area_adj: "San'indoan"
 saigoku_area: "Sanyodo"
 saigoku_area_name: "Sanyodo"
 saigoku_area_adj: "Sanyodoan"
 hokuriku_area: "Hokuriku"
 hokuriku_area_name: "Hokuriku"
 hokuriku_area_adj: "Hokurikuan"
 chugoku_area: "Chugoku"
 chugoku_area_name: "Chugoku"
 chugoku_area_adj: "Chugokuan"
 kamchatka_area: "Kamchatka"
 kamchatka_area_name: "Kamchatka"
 kamchatka_area_adj: "Kamchatkan"
 magadan_area: "Magadan"
 magadan_area_name: "Magadan"
 magadan_area_adj: "Magadan"
 okhotsk_area: "Okhotsk"
 okhotsk_area_name: "Okhotsk"
 okhotsk_area_adj: "Okhotskian"
 yakutia_area: "Yakutia"
 yakutia_area_name: "Yakutia"
 yakutia_area_adj: "Yakutian"
 sakha_area: "Sakha"
 sakha_area_name: "Sakha"
 sakha_area_adj: "Sakhan"
 buryatia_area: "Buryatia"
 buryatia_area_name: "Buryatia"
 buryatia_area_adj: "Buryatian"
 tunguska_area: "Tunguska"
 tunguska_area_name: "Tunguska"
 tunguska_area_adj: "Tunguskan"
 central_siberia_area: "Central Siberia"
 central_siberia_area_name: "Siberia"
 central_siberia_area_adj: "Siberian"
 kara_area: "Kara"
 kara_area_name: "Kara"
 kara_area_adj: "Karan"
 ob_area: "Ob"
 ob_area_name: "Pegaya Orda"
 ob_area_adj: "Pegayan"
 irkutsk_area: "Irkutsk"
 irkutsk_area_name: "Irkutsk"
 irkutsk_area_adj: "Irkutskan"
 perm_area: "Perm"
 perm_area_name: "Perm"
 perm_area_adj: "Permian"
 balchasj_area: "Balchash"
 balchasj_area_name: "Nadym"
 balchasj_area_adj: "Nadymi"
 syr_darya_area: "Syr Darya"
 syr_darya_area_name: "Darya"
 syr_darya_area_adj: "Daryan"
 kazakhstan_area: "Kazakhstan"
 kazakhstan_area_name: "Kazakhstan"
 kazakhstan_area_adj: "Kazakhstani"
 yrtesh_area: "Yrtesh"
 yrtesh_area_name: "Kerey"
 yrtesh_area_adj: "Kereyan"
 ishim_area: "Ishim"
 ishim_area_name: "Tyumen"
 ishim_area_adj: "Tyumeni"
 heilongjiang_area: "West Heilongjiangord"
 heilongjiang_area_name: "Heilongjiang"
 heilongjiang_area_adj: "Heilongjiangi"
 east_heilongjiang_area: "East Heilongjiangord"
 east_heilongjiang_area_name: "Yeren"
 east_heilongjiang_area_adj: "Yereni"
 jilin_area: "South Jilin"
 jilin_area_name: "Jilin"
 jilin_area_adj: "Jilini"
 central_jilin_area: "South Ilin Hala"
 central_jilin_area_name: "Ilan Hala"
 central_jilin_area_adj: "Ilan Halan"
 ilan_hala_area: "North Ilin Hala"
 ilan_hala_area_name: "Deren"
 ilan_hala_area_adj: "Dereni"
 liaoning_area: "Liaoning"
 liaoning_area_name: "Liaoning"
 liaoning_area_adj: "Liaoningian"
 ordos_area: "Ordos"
 ordos_area_name: "Ordos"
 ordos_area_adj: "Ordosi"
 inner_mongolia_area: "Inner Mongolia"
 inner_mongolia_area_name: "Chahar"
 inner_mongolia_area_adj: "Chahari"
 outer_mongolia_area: "Outer Mongolia"
 outer_mongolia_area_name: "Mongolia"
 outer_mongolia_area_adj: "Mongolian"
 eastern_mongolia: "Eastern Mongolia"
 eastern_mongolia_name: "Jirem"
 eastern_mongolia_adj: "Jiremi"
 central_mongolia_area: "Gobi"
 central_mongolia_area_name: "Qaraqorum"
 central_mongolia_area_adj: "Qaraqorumi"
 altai_sayan_area: "Kobdo"
 altai_sayan_area_name: "Altai"
 altai_sayan_area_adj: "Altai"
 sayan_area: "Sayan"
 sayan_area_name: "Sayan"
 sayan_area_area: "Sayani"
 kashgaria_area: "Kashgaria"
 kashgaria_area_name: "Kashgaria"
 kashgaria_area_adj: "Kashgarian"
 tarim_basin_area: "Central Altishahr"
 tarim_basin_area_name: "Altishahr"
 tarim_basin_area_adj: "Altishahri"
 zungaria_area: "South Dzungaria"
 zungaria_area_name: "Dzungaria"
 zungaria_area_adj: "Dzungarian"
 north_zungaria: "North Dzungaria"
 north_zungaria_name: "Urzhar"
 north_zungaria_adj: "Urzhari"
 jetysuu_area: "Jetysuu"
 jetysuu_area_name: "Jetysuu"
 jetysuu_area_adj: "Jetysuan"
 ngari_area: "Ngari"
 ngari_area_name: "Guge"
 ngari_area_adjective: "Gugean"
 amdo_area: "Amdo"
 amdo_area_name: "Amdo"
 amdo_area_adj: "Amdoan"
 kham_area: "Kham"
 kham_area_name: "Kham"
 kham_area_adj: "Khami"
 tsang_area: "U"
 tsang_area_name: "U"
 tsang_area_adj: "Uic"
 utsang_area: "Tsang"
 utsang_area_name: "Tsang"
 utsang_area_adj: "Tsang"
 south_hebei_area: "South Hebei"
 south_hebei_area_name: "Hejian"
 south_hebei_area_adj: "Hejiani"
 hebei_area: "North Hebei"
 hebei_area_name: "Hebei"
 hebei_area_adj: "Hebeian"
 shandong_area: "Shandong"
 shandong_area_name: "Shandong"
 shandong_area_adj: "Shandongi"
 jiangsu_area: "North Jiangsu"
 jiangsu_area_name: "Jiangsu"
 jiangsu_area_adj: "Jiangsuan"
 south_jiangsu_area: "South Jiangsu"
 south_jiangsu_area_name: "Nanjing"
 south_jiangsu_area_adj: "Nanjingi"
 anhui_area: "North Anhui"
 anhui_area_name: "Anhui"
 anhui_area_adj: "Anhuian"
 south_anhui_area: "South Anhui"
 south_anhui_area_name: "Anqing"
 south_anhui_area_adj: "Anqingi"
 zhejiang_area: "Zhejiang"
 zhejiang_area_name: "Zhejiang"
 zhejiang_area_adj: "Zhejiangi"
 jiangxi_area: "Jiangxi"
 jiangxi_area_name: "Jiangxi"
 jiangxi_area_adj: "Jiangxian"
 fujian_area: "Fujian"
 fujian_area_name: "Fujian"
 fujian_area_adj: "Fujianian"
 taiwan_area: "Taiwan"
 taiwan_area_name: "Taiwan"
 taiwan_area_adj: "Taiwanese"
 guangdong_area: "East Guangdong"
 guangdong_area_name: "Guangdong"
 guangdong_area_adj: "Guangdongian"
 west_guangdong_area: "West Guangdong"
 west_guangdong_area_name: "Limchow"
 west_guangdong_area_adj: "Limchowian"
 guangxi_area: "Guangxi"
 guangxi_area_name: "Guangxi"
 guangxi_area_adj: "Guangxian"
 yun_gui_area: "Yun-Gui Hinterland"
 yun_gui_area_name: "Yun-Gui"
 yun_gui_area_adj: "Yun-Gui"
 yun_gui_borderland_area: "Yun-Gui Frontier"
 yun_gui_borderland_area_name: "Dali"
 yun_gui_borderland_area_adj: "Dalian"
 sichuan_area: "Sichuan"
 sichuan_area_name: "Sichuan"
 sichuan_area_adj: "Sichuanese"
 chuannan_area: "Chuannan"
 chuannan_area_name: "Chuannan"
 chuannan_area_adj: "Chuannani"
 huguang_area: "Hubei"
 huguang_area_name: "Huguang"
 huguang_area_adj: "Huguangese"
 hunan_area: "Hunan"
 hunan_area_name: "Hunan"
 hunan_area_adj: "Hunani"
 north_henan_area: "North Henan"
 north_henan_area_name: "Kaifeng"
 north_henan_area_adj: "Kaifengi"
 henan_area: "South Henan"
 henan_area_name: "Henan"
 henan_area_adj: "Henanese"
 shanxi_area: "Shanxi"
 shanxi_area_name: "Shanxi"
 shanxi_area_adj: "Shanxianese"
 shaanxi_area: "Shaanxi"
 shaanxi_area_name: "Shaanxi"
 shaanxi_area_adj: "Shaanxian"
 gansu_area: "East Gansu"
 gansu_area_name: "Gansu"
 gansu_area_adj: "Gansuan"
 west_gansu_area: "West Gansu"
 west_gansu_area_name: "Yumen"
 west_gansu_area_adj: "Yumeni"
 rio_grande_do_sol_area: "Rio Grande do Sul"
 rio_grande_do_sol_area_name: "Brazil"
 rio_grande_do_sol_area_adj: "Brazilian"
 diamantina_area: "Diamantina"
 diamantina_area_name: "Diamantina"
 diamantina_area_adj: "Diamantine"
 minas_gerais_area: "Minas Gerais"
 minas_gerais_area_name: "Minas Gerais"
 minas_gerais_area_adj: "Minas Gerais"
 iquitos_area: "Iquitos"
 iquitos_area_name: "Iquitos"
 iquitos_area_adj: "Iquitoan"
 misiones_area: "Mesopotamia"
 misiones_area_name: "Misiones"
 misiones_area_adj: "Misione"
 west_sao_paolo_area: "Guayra"
 west_sao_paolo_area_name: "Guayra"
 west_sao_paolo_area_adj: "Guayra"
 ceara_area: "Ceará"
 ceara_area_name: "Ceará"
 ceara_area_adj: "Cearán"
 ofaie_area: "Ofaie"
 ofaie_area_name: "Ofaie"
 ofaie_area_adj: "Ofaie"
 goias_area: "Goias"
 goias_area_name: "Goias"
 goias_area_adj: "Goian"
 pontal_area: "Pontal"
 pontal_area_name: "Pontal"
 pontal_area_adj: "Pontali"
 mato_grosso_area: "Mato Grosso"
 mato_grosso_area_name: "Grosso"
 mato_grosso_area_adj: "Grossoan"
 guapore_area: "Guapore"
 guapore_area_name: "Guapore"
 guapore_area_adj: "Guaporan"
 sao_paolo_area: "Sao Paulo"
 sao_paolo_area_name: "Paulo"
 sao_paolo_area_adj: "Pauloan"
 rio_de_janeiro_area: "Rio de Janeiro"
 rio_de_janeiro_area_name: "Rio de Janeiro"
 rio_de_janeiro_area_adj: "Rio de Janeiroan"
 bahia_area: "Bahia"
 bahia_area_name: "Bahia"
 bahia_area_adj: "Bahian"
 pernambuco_area: "Pernambuco"
 pernambuco_area_name: "Pernambuco"
 pernambuco_area_adj: "Pernambucoan"
 sao_francisco_area: "Sao Francisco"
 sao_francisco_area_name: "Paratinga"
 sao_francisco_area_adj: "Paratingan"
 maranhao_area: "Maranhao"
 maranhao_area_name: "Maranhao"
 maranhao_area_adj: "Maranhaon"
 piaui_area: "Piauí"
 piaui_area_name: "Piauí"
 piaui_area_adj: "Piauían"
 amapa_area: "Amapá"
 amapa_area_name: "Amapá"
 amapa_area_adj: "Amapán"
 grao_para_area: "Grao Para"
 grao_para_area_name: "Belem"
 grao_para_area_adj: "Belemian"
 amazon_area: "Amazon"
 amazon_area_name: "Amazonia"
 amazon_area_adj: "Amazon"
 paraguay_area: "Paraguay"
 paraguay_area_name: "Paraguay"
 paraguay_area_adj: "Paraguayan"
 patagonia_area: "Patagonia"
 patagonia_area_name: "Patagonia"
 patagonia_area_adj: "Patagonian"
 patagonian_andes: "Patagonian Andes"
 patagonian_andes_name: "Chubut"
 patagonian_andes_adj: "Chubut"
 bahia_blanca_area: "Bahiá Blanca"
 bahia_blanca_area_name: "Candelaria"
 bahia_blanca_area_adj: "Candelarian"
 cuyo_area: "Cuyo"
 cuyo_area_name: "Cuyo"
 cuyo_area_adj: "Cuyoan"
 nehuenken_area: "Neheunken"
 nehuenken_area_name: "Nehuenken"
 nehuenken_area_adj: "Nehuenka"
 southern_pampas_area: "Southern Pampas"
 southern_pampas_area_name: "Pampas"
 southern_pampas_area_adj: "Pampan"
 buenos_aires_area: "Buenos Aires"
 buenos_aires_area_name: "La Plata"
 buenos_aires_area_adj: "La Platan"
 jujuy_area: "Jujuy"
 jujuy_area_name: "Jujuy"
 jujuy_area_adj: "Jujuy"
 potosi_area: "Potosí"
 potosi_area_name: "Potosí"
 potosi_area_adj: "Potosí"
 tucuman_area: "Tucuman"
 tucuman_area_name: "Tucuman"
 tucuman_area_adj: "Tucumani"
 chaco_area: "Chaco"
 chaco_area_name: "Chaco"
 chaco_area_adj: "Chacoan"
 banda_oriental_area: "Banda Oriental"
 banda_oriental_area_name: "Uruguay"
 banda_oriental_area_adj: "Uruguayan"
 suriname_area: "Suriname"
 suriname_area_name: "Suriname"
 suriname_area_adj: "Surinaman"
 guyana_area: "Guyana"
 guyana_area_name: "Guyana"
 guyana_area_adj: "Guyanan"
 upper_guyana_area: "Upper Guyana"
 upper_guyana_area_name: "Angostura"
 upper_guyana_area_adj: "Angosturan"
 quito_area: "Quito"
 quito_area_name: "Quito"
 quito_area_adj: "Quitoan"
 maracaibo_area: "Maracaibo"
 maracaibo_area_name: "Maracaibo"
 maracaibo_area_adj: "Maracaiboan"
 venezuela_area: "Venezuela"
 venezuela_area_name: "Venezuela"
 venezuela_area_adj: "Venezuelan"
 eastern_llanos: "Eastern Llanos"
 eastern_llanos_name: "Zaraza"
 eastern_llanos_adj: "Zarazan"
 western_llanos: "Western Llanos"
 western_llanos_name: "Meta"
 western_llanos_adj: "Metan"
 bogota_area: "Bogota"
 bogota_area_name: "Bogota"
 bogota_area_adj: "Bogotan"
 popayan_area: "Popayan"
 popayan_area_name: "Popayan"
 popayan_area_adj: "Popayani"
 coquivacoa_area: "Coquivacoa"
 coquivacoa_area_name: "Coquivacoa"
 coquivacoa_area_adj: "Coquivacoan"
 northern_chile_area: "Northern Chile"
 northern_chile_area_name: "Chile"
 northern_chile_area_adj: "Chilean"
 central_chile_area: "Central Chile"
 central_chile_area_name: "Picunmapu"
 central_chile_area_adj: "Picunmapuan"
 southern_chile_area: "Southern Chile"
 southern_chile_area_name: "Aysen"
 southern_chile_area_adj: "Ayseni"
 antisuyu_area: "Antisuyu"
 antisuyu_area_name: "Bolivia"
 antisuyu_area_adj: "Bolivian"
 peruan_coast: "Peruan Coast"
 peruan_coast_name: "Nazca"
 peruan_coast_adj: "Nazcan"
 kuntisuyu_area: "Kuntisuyu"
 kuntisuyu_area_name: "Peru"
 kuntisuyu_area_adj: "Peruvian"
 chimor_area: "Chimor"
 chimor_area_name: "Chimu"
 chimor_area_adj: "Chimuan"
 ucayali_area: "Ucayali"
 ucayali_area_name: "Ucayali"
 ucayali_area_adj: "Ucayalian"
 cajamarca_area: "Cajamarca"
 cajamarca_area_name: "Cajamarca"
 cajamarca_area_adj: "Cajamarcan"
 huanuco_area: "Huanuco"
 huanuco_area_name: "Huanuco"
 huanuco_area_adj: "Huanucoan"
 moxos_area: "Moxos"
 moxos_area_name: "Moxos"
 moxos_area_adj: "Moxian"
 beni_area: "Beni"
 beni_area_name: "Beni"
 beni_area_adj: "Benian"
 upper_peru: "Upper Peru"
 upper_peru_name: "Potosi"
 upper_peru_adj: "Potosian"
 maine_area: "Maine"
 maine_area_name: "Penapawsket"
 maine_area_adj: "Penapawsket"
 great_woods_area: "New Hampshire"
 great_woods_area_name: "Penakuk"
 great_woods_area_adj: "Penakuk"
 massachusetts_bay_area: "Massachusetts"
 massachusetts_bay_area_name: "Wampanoag"
 massachusetts_bay_area_adj: "Wampanoag"
 connecticut_valley_area: "Connecticut"
 connecticut_valley_area_name: "Mohegan"
 connecticut_valley_area_adj: "Mohegan"
 hudson_valley_area: "Hudson Valley"
 hudson_valley_area_name: "Munsee"
 hudson_valley_area_adj: "Munsee"
 delaware_valley_area: "Delaware Valley"
 delaware_valley_area_name: "Unami"
 delaware_valley_area_adj: "Unami"
 iroquoisia_area: "Iroquoisia"
 iroquoisia_area_name: "Haudenosaunee"
 iroquoisia_area_adj: "Haudenosaunee"
 south_iroquoisia_area: "Lake Champlain"
 south_iroquoisia_area_name: "Vermont"
 south_iroquoisia_area_adj: "Vermonter"
 susquehanna_area: "Westsylvania"
 susquehanna_area_name: "Erielhonan"
 susquehanna_area_adj: "Erielhonan"
 chesapeake_area: "Virginia"
 chesapeake_area_name: "Tutelo"
 chesapeake_area_adj: "Tutelo"
 great_valley_area: "Great Valley"
 great_valley_area_name: "Manahoac"
 great_valley_area_adj: "Manahoac"
 piedmont_north_america_area: "Piedmont Plateau"
 piedmont_north_america_area_name: "Catawba"
 piedmont_north_america_area_adj: "Catawban"
 carolinas_area: "North Carolina"
 carolinas_area_name: "Croatan"
 carolinas_area_adj: "Croatan"
 south_carolina_area: "South Carolina"
 south_carolina_area_name: "Issati"
 south_carolina_area_adj: "Issati"
 upper_american_georgia_area: "Upper Georgia"
 upper_american_georgia_area_name: "Coosa"
 upper_american_georgia_area_adj: "Coosa"
 american_georgia_area: "Georgia"
 american_georgia_area_name: "Yamasee"
 american_georgia_area_adj: "Yamasee"
 north_florida_area: "East Florida"
 north_florida_area_name: "Timucua"
 north_florida_area_adj: "Timucuan"
 florida_area: "Florida"
 florida_area_name: "Tegesta"
 florida_area_adj: "Tegestan"
 south_appalachia_area: "Overmountain"
 south_appalachia_area_name: "Aniyunwiya"
 south_appalachia_area_adj: "Aniyunwiya"
 appalachia_area: "Vandalia"
 appalachia_area_name: "Vandalia"
 appalachia_area_adj: "Vandalian"
 west_florida_area: "West Florida"
 west_florida_area_name: "Chatot"
 west_florida_area_adj: "Chatot"
 mississippi_area: "Mississippi"
 mississippi_area_name: "Natchez"
 mississippi_area_adj: "Natchez"
 alabama_area: "Alabama"
 alabama_area_name: "Albaamaha"
 alabama_area_adj: "Albaamaha"
 kentucky_area: "Kentucky"
 kentucky_area_name: "Shawanwa"
 kentucky_area_adj: "Shawanwa"
 miami_river_area: "Indiana"
 miami_river_area_name: "Myaamia"
 miami_river_area_adj: "Myaamia"
 mississippi_plain_area: "Arkansas"
 mississippi_plain_area_name: "Ugakhpa"
 mississippi_plain_area_adj: "Ugakhpa"
 ohio_country_area: "Ohio"
 ohio_country_area_name: "Wyandot"
 ohio_country_area_adj: "Wyandot"
 illinois_country_area: "Illinois"
 illinois_country_area_name: "Cahokia"
 illinois_country_area_adj: "Cahokia"
 michigan_area: "Michigan"
 michigan_area_name: "Mascouten"
 michigan_area_adj: "Mascouten"
 wisconsin_area: "Wisconsin"
 wisconsin_area_name: "Ho-Chunk"
 wisconsin_area_adj: "Ho-Chunk"
 lake_superior_area: "Lake Superior"
 lake_superior_area_name: "Chippewa"
 lake_superior_area_adj: "Chippewan"
 lower_louisiana_area: "Louisiana"
 lower_louisiana_area_name: "Tunica"
 lower_louisiana_area_adj: "Tunica"
 upper_louisiana_area: "Upper Louisiana"
 upper_louisiana_area_name: "Inoka"
 upper_louisiana_area_adj: "Inoka"
 ozarks_area: "Ozarks"
 ozarks_area_name: "Niukonska"
 ozarks_area_adj: "Niukonska"
 central_plains_area: "Central Plains"
 central_plains_area_name: "Kanza"
 central_plains_area_adj: "Kanza"
 lower_plains_area: "Southern Plains"
 lower_plains_area_name: "Kitkit'ish"
 lower_plains_area_adj: "Kitkit'ish"
 high_plains_area: "High Plains"
 high_plains_area_name: "Hinono'eino"
 high_plains_area_adj: "Hinono'eino"
 south_dakota_area: "South Dakota"
 south_dakota_area_name: "Isayanthi"
 south_dakota_area_adj: "Isayanthi"
 dakota_area: "North Dakota"
 dakota_area_name: "Wichiyena"
 dakota_area_adj: "Wichiyena"
 upper_missouri_area: "Upper Missouri"
 upper_missouri_area_name: "Apsalooke"
 upper_missouri_area_adj: "Apsalooke"
 badlands_area: "Badlands"
 badlands_area_name: "Tséhéstano"
 badlands_area_adj: "Tséhéstano"
 llano_estacado_area: "Llano Estacado"
 llano_estacado_area_name: "Numunuu"
 llano_estacado_area_adj: "Numunuu"
 coastal_prarie_area: "Coastal Prairie"
 coastal_prarie_area_name: "Lépai-Ndé"
 coastal_prarie_area_adj: "Lépai-Ndé"
 texas_area: "Texas"
 texas_area_name: "Tickanwa'tic"
 texas_area_adj: "Tickanwa'tic"
 rio_grande_area: "Tamaulipas"
 rio_grande_area_name: "Tamaulipas"
 rio_grande_area_adj: "Tamaulipec"
 new_mexico_area: "New Mexico"
 new_mexico_area_name: "New Mexico"
 new_mexico_area_adj: "New Mexican"
 colorado_plateau_area: "Colorado Plateau"
 colorado_plateau_area_name: "Dinétah"
 colorado_plateau_area_adj: "Diné"
 arizona_area: "Arizona"
 arizona_area_name: "Yavapé"
 arizona_area_adj: "Yavapé"
 california_area: "Alta California"
 california_area_name: "Chumash"
 california_area_adj: "Chumash"
 central_valley_area: "Central Valley"
 central_valley_area_name: "Yokuts"
 central_valley_area_adj: "Yokutsan"
 oregon_area: "Oregon"
 oregon_area_name: "Kalapuya"
 oregon_area_adj: "Kalapuyan"
 columbia_river_area: "Columbia River"
 columbia_river_area_name: "Sqeliz"
 columbia_river_area_adj: "Sqeliz"
 snake_river_area: "Snake River"
 snake_river_area_name: "Nimiipuu"
 snake_river_area_adj: "Nimiipuuan"
 salish_sea_area: "Puget Sound"
 salish_sea_area_name: "Suquamish"
 salish_sea_area_adj: "Suquamish"
 interior_plateau_area: "Interior Plateau"
 interior_plateau_area_name: "Dakelh"
 interior_plateau_area_adj: "Dakelh"
 hecate_strait_area: "Hecate Strait"
 hecate_strait_area_name: "Xa'Isla"
 hecate_strait_area_adj: "Xa'Isla"
 alaska_area: "Western Alaska"
 alaska_area_name: "Unanga"
 alaska_area_adj: "Unangan"
 lower_acadia_area: "Lower Acadia"
 lower_acadia_area_name: "Lnu'k"
 lower_acadia_area_adj: "Lnu'k"
 upper_acadia_area: "Upper Acadia"
 upper_acadia_area_name: "Wolastoqiyik"
 upper_acadia_area_adj: "Wolastoqiyik"
 newfoundland_area: "Newfoundland"
 newfoundland_area_name: "Beothuk"
 newfoundland_area_adj: "Beothuk"
 labrador_area: "Labrador"
 labrador_area_name: "Naskapi"
 labrador_area_adj: "Naskapi"
 cote_nord_area: "Cote Nord"
 cote_nord_area_name: "Innu"
 cote_nord_area_adj: "Innu"
 notre_dame_mountains_area: "Québec"
 notre_dame_mountains_area_name: "Stadacona"
 notre_dame_mountains_area_adj: "Stadaconan"
 lower_canada_area: "Lower Canada"
 lower_canada_area_name: "Hochelaga"
 lower_canada_area_adj: "Hochelagan"
 upper_canada_area: "Upper Canada"
 upper_canada_area_name: "Attiwandaronk"
 upper_canada_area_adj: "Attiwandaronk"
 laurentian_area: "Laurentia"
 laurentian_area_name: "Omamiwinini"
 laurentian_area_adj: "Omamiwinini"
 inner_ontario_area: "Abitibi"
 inner_ontario_area_adj: "Mosoni"
 inner_ontario_area_name: "Mosoni"
 upper_ontario_area: "Upper Ontario"
 upper_ontario_area_name: "Ojibwe"
 upper_ontario_area_adj: "Ojibwe"
 huronia_area: "Huronia"
 huronia_area_name: "Wendake"
 huronia_area_adj: "Wendat"
 james_bay_area: "James Bay"
 james_bay_area_name: "Iyiyiw"
 james_bay_area_adj: "Iyiyiw"
 hudson_bay_area: "Hudson Bay"
 hudson_bay_area_name: "Maskekowak"
 hudson_bay_area_adj: "Maskekowak"
 red_river_area: "Red River of the North"
 red_river_area_name: "Saulteaux"
 red_river_area_adj: "Saulteaux"
 saskatchewan_area: "Saskatchewan"
 saskatchewan_area_name: "Saskatchewan"
 saskatchewan_area_adj: "Saskatchewan"
 prairies_area: "Alberta"
 prairies_area_name: "Niitsitapi"
 prairies_area_adj: "Niitsitapi"
 athabasca_area: "Athabasca"
 athabasca_area_name: "Dénésoliné"
 athabasca_area_adj: "Dénésoliné"
 northeast_mexico_area: "Coahuila"
 northeast_mexico_area_name: "Coahuilteca"
 northeast_mexico_area_adj: "Coahuiltec"
 durango_area: "Durango"
 durango_area_name: "Shuma"
 durango_area_adj: "Shuman"
 sonora_y_sinaloa_area: "Sonora y Sinaloa"
 sonora_y_sinaloa_area_name: "O'odham"
 sonora_y_sinaloa_area_adj: "O'odham"
 baja_california_area: "Baja California"
 baja_california_area_name: "Guaycura"
 baja_california_area_adj: "Guaycuran"
 jalisco_area: "Jalisco"
 jalisco_area_name: "Jalisco"
 jalisco_area_adj: "Jaliscoan"
 michoacan_area: "Michoacan"
 michoacan_area_name: "Michoacan"
 michoacan_area_adj: "Michoacan"
 gran_chichimeca_area: "Gran Chichimeca"
 gran_chichimeca_area_name: "Chichimeca"
 gran_chichimeca_area_adj: "Chichimecan"
 mexico_area: "Mexico"
 mexico_area_name: "Mexico"
 mexico_area_adj: "Mexican"
 guerrero_area: "Guerrero"
 guerrero_area_name: "Guerrero"
 guerrero_area_adj: "Guerreroan"
 oaxaca_area: "Oaxaca"
 oaxaca_area_name: "Oaxaca"
 oaxaca_area_adj: "Oaxacan"
 eastern_mexico_area: "Veracruz"
 eastern_mexico_area_name: "Xalapa"
 eastern_mexico_area_adj: "Xalapan"
 chiapas_area: "Chiapas"
 chiapas_area_name: "Chiapas"
 chiapas_area_adj: "Chiapan"
 yucatan_area: "West Yucatan"
 yucatan_area_name: "Mayapan"
 yucatan_area_adj: "Mayapan"
 east_yucatan_area: "East Yucatan"
 east_yucatan_area_name: "Cozumel"
 east_yucatan_area_adj: "Cozumel"
 guatemala_area: "Guatemala"
 guatemala_area_name: "Kaqchikel"
 guatemala_area_adj: "Kaqchikel"
 honduras_area: "Honduras"
 honduras_area_name: "Choluteca"
 honduras_area_adj: "Cholutecan"
 nicaragua_area: "Nicaragua"
 nicaragua_area_name: "Mangue"
 nicaragua_area_adj: "Manguan"
 assiniboia_area: "Assiniboia"
 assiniboia_area_name: "Nakoda"
 assiniboia_area_adj: "Nakoda"
 maryland_area: "Maryland"
 maryland_area_name: "Piscataway"
 maryland_area_adj: "Piscataway"
 straits_of_georgia_area: "Straits of Georgia"
 straits_of_georgia_area_name: "Shishalh"
 straits_of_georgia_area_adj: "Shishalh"
 east_alaska_area: "Alaska Panhandle"
 east_alaska_area_name: "Tlingit"
 east_alaska_area_adj: "Tlingit"
 panama_area: "Panama"
 panama_area_name: "Panama"
 panama_area_adj: "Panaman"
 cuba_area: "West Cuba"
 cuba_area_name: "Ciboney"
 cuba_area_adj: "Ciboney"
 east_cuba_area: "East Cuba"
 east_cuba_area_name: "Baracoa"
 east_cuba_area_adj: "Baracoan"
 hispaniola_area: "Haiti"
 hispaniola_area_name: "Taino"
 hispaniola_area_adj: "Taino"
 greater_antilles_area: "Greater Antilles"
 greater_antilles_area_name: "Jamaica"
 greater_antilles_area_adj: "Jamaican"
 lucayan_area: "Lucayan Archipelago"
 lucayan_area_name: "Bahamas"
 lucayan_area_adj: "Bahaman"
 leeward_islands_area: "Leeward Islands"
 leeward_islands_area_name: "Guadelupe"
 leeward_islands_area_adj: "Guadelupean"
 windward_islands_area: "Windward Islands"
 windward_islands_area_name: "Trinidad"
 windward_islands_area_adj: "Trinidadian"
 western_mediterrenean_area: "Western Mediterranean"
 eastern_mediterrenean_area: "Eastern Mediterranean"
 black_sea_area: "Black Sea"
 baltic_area: "Baltic Sea"
 kattegat_area: "Kattegat"
 north_sea_area: "North Sea"
 norwegian_sea_area: "Norwegian Sea"
 white_sea_area: "White Sea"
 red_sea_area: "Red Sea"
 persian_gulf_area: "Persian Gulf"
 arabian_sea_area: "Arabian Sea"
 bay_of_bengal_area: "Bay of Bengal"
 eastern_indian_ocean_area: "Eastern Indian Ocean"
 western_indian_ocean_area: "Western Indian Ocean"
 great_australian_bight_area: "Great Australian Bight"
 swahili_coast_sea_area: "Swahili Coast"
 south_china_sea_area: "South China Sea"
 celebes_sea_area: "Celebes Sea"
 java_sea_area: "Java Sea"
 east_china_sea_area: "East China Sea"
 sea_of_japan_area: "Sea of Japan"
 sea_of_okhotsk_area: "Sea of Okhotsk"
 berring_sea_area: "Bering Sea"
 tasman_sea_area: "Tasman Sea"
 coral_sea_area: "Coral Sea"
 philipine_sea_area: "Philipine Sea"
 banda_arafura_seas_area: "Banda & Arafura"
 gulf_of_alaska_area: "Gulf of Alaska"
 sea_of_grau_area: "Sea of Grau"
 chilean_sea_area: "Chilean Sea"
 gulf_of_panama_area: "Gulf of Panama"
 bay_of_biscay_area: "Bay of Biscay"
 english_channel_area: "English Channel"
 caribbean_sea_area: "Caribbean Sea"
 gulf_of_mexico_area: "Gulf of Mexico"
 sea_of_labrador_area: "Labrador Sea"
 hudson_bay_sea_area: "Hudson Bay Sea"
 denmark_strait_area: "Denmark Strait"
 gulf_of_guinea_sea_area: "Gulf of Guinea Sea"
 cape_of_storms_area: "Cape of Storms"
 skeleton_coast_area: "Skeleton Coast"
 east_pacific_ocean_area: "East Pacific"
 polynesian_triangle_area: "Polynesian Triangle"
 south_pacific_area: "South Pacific"
 north_pacific_area: "North Pacific"
 north_pacific_coast_area: "Pacific Coast"
 coast_of_brazil_sea_area: "Coast of Brazil"
 coast_of_guyana_area: "Coast of Guyana"
 celtic_sea_area: "Celtic Sea"
 west_african_coast_sea_area: "West African Sea"
 south_atlantic_area: "South Atlantic"
 argentine_sea_area: "Argentine Sea"
 gulf_of_st_lawrence_area: "Gulf of St Lawrence"
 gulf_stream_area: "Gulf Stream"
 sargasso_sea_area: "Sargasso Sea"
 north_atlantic_area: "North Atlantic"
 bahama_channel_area: "Bahama Channel"
 france_region: "France"
 france_region_name: "France"
 france_region_adj: "French"
 scandinavia_region: "Scandinavia"
 scandinavia_region_name: "Scandinavia"
 scandinavia_region_adj: "Scandinavian"
 low_countries_region: "Low Countries"
 low_countries_region_name: "Low Countries"
 low_countries_region_adj: "Dutch"
 italy_region: "Italy"
 italy_region_name: "Italy"
 italy_region_adj: "Italian"
 iberia_region: "Iberia"
 iberia_region_name: "Iberia"
 iberia_region_adj: "Iberian"
 germany_region: "Germany"
 germany_region_name: "Germany"
 germany_region_adj: "German"
 north_german_region: "North Germany"
 north_german_region_name: "North Germany"
 north_german_region_adj: "North German"
 south_german_region: "South Germany"
 south_german_region_name: "South Germany"
 south_german_region_adj: "South German"
 russia_region: "Russia"
 russia_region_name: "Russia"
 russia_region_adj: "Russian"
 ural_region: "Ural"
 ural_region_name: "Ural"
 ural_region_adj: "Uralian"
 malaya_region: "Malaya"
 malaya_region_name: "Malaya"
 malaya_region_adj: "Malayan"
 moluccas_region: "Moluccas"
 moluccas_region_name: "Moluccas"
 moluccas_region_adj: "Moluccan"
 java_region: "Java"
 java_region_name: "Java"
 java_region_adj: "Javan"
 british_isles_region: "Britain"
 british_isles_region_name: "Britain"
 british_isles_region_adj: "British"
 baltic_region: "Baltic"
 baltic_region_name: "Balticum"
 baltic_region_adj: "Baltic"
 poland_region: "Poland"
 poland_region_name: "Poland"
 poland_region_adj: "Polish"
 ruthenia_region: "Ruthenia"
 ruthenia_region_name: "Ruthenia"
 ruthenia_region_adj: "Ruthenian"
 crimea_region: "Pontic Steppe"
 crimea_region_name: "Crimea"
 crimea_region_adj: "Crimean"
 balkan_region: "Balkans"
 balkan_region_name: "Yugoslavia"
 balkan_region_adj: "Yugoslavian"
 carpathia_region: "Carpathia"
 carpathia_region_name: "Carpathia"
 carpathia_region_adj: "Carpathian"
 egypt_region: "Egypt"
 egypt_region_name: "Egypt"
 egypt_region_adj: "Egyptian"
 maghreb_region: "Maghreb"
 maghreb_region_name: "Maghreb"
 maghreb_region_adj: "Maghrebi"
 mashriq_region: "Mashriq"
 mashriq_region_name: "Mashriq"
 mashriq_region_adj: "Mashriqi"
 anatolia_region: "Anatolia"
 anatolia_region_name: "Anatolia"
 anatolia_region_adj: "Anatolian"
 persia_region: "Persia"
 persia_region_name: "Persia"
 persia_region_adj: "Persian"
 khorasan_region: "Khorasan"
 khorasan_region_name: "Khorasan"
 khorasan_region_adj: "Khorasani"
 baluchistan_region: "Baluchistan"
 baluchistan_region_name: "Baluchistan"
 baluchistan_region_adj: "Baluchi"
 caucasia_region: "Caucasia"
 caucasia_region_name: "Caucasia"
 caucasia_region_adj: "Caucasian"
 arabia_region: "Arabia"
 arabia_region_name: "Arabia"
 arabia_region_adj: "Arabian"
 guinea_region: "Guinea"
 guinea_region_name: "Guinea"
 guinea_region_adj: "Guinean"
 sao_tome_area: "Sao Tome"
 sao_tome_area_name: "Sao Tome"
 sao_tome_area_adj: "Sao Tomean"
 niger_region: "Niger"
 niger_region_name: "Niger"
 niger_region_adj: "Nigerian"
 horn_of_africa_region: "Horn of Africa"
 horn_of_africa_region_name: "Somalia"
 horn_of_africa_region_adj: "Somalian"
 east_africa_region: "East Africa"
 east_africa_region_name: "Swahilia"
 east_africa_region_adj: "Swahili"
 kongo_region: "Congo"
 kongo_region_name: "Congo"
 kongo_region_adj: "Congolese"
 central_asia_region: "Central Asia"
 central_asia_region_name: "Tartary"
 central_asia_region_adj: "Tartar"
 south_africa_region: "South Africa"
 south_africa_region_name: "Cape"
 south_africa_region_adj: "Capish"
 west_siberia_region: "West Siberia"
 west_siberia_region_name: "West Siberia"
 west_siberia_region_adj: "West Siberian"
 east_siberia_region: "East Siberia"
 east_siberia_region_name: "East Siberia"
 east_siberia_region_adj: "East Siberian"
 mongolia_region: "Mongolia"
 mongolia_region_name: "Mongolia"
 mongolia_region_adj: "Mongolian"
 manchuria_region: "Manchuria"
 manchuria_region_name: "Manchuria"
 manchuria_region_adj: "Manchurian"
 tibet_region: "Tibet"
 tibet_region_name: "Tibet"
 tibet_region_adj: "Tibetan"
 bengal_region: "Bengal"
 bengal_region_name: "Bengal"
 bengal_region_adj: "Bengali"
 hindusthan_region: "Hindustan"
 hindusthan_region_name: "Hindustan"
 hindusthan_region_adj: "Hindustani"
 rajputana_region: "Rajputana"
 rajputana_region_name: "Rajputana"
 rajputana_region_adj: "Rajput"
 deccan_region: "Deccan"
 deccan_region_name: "Deccan"
 deccan_region_adj: "Deccani"
 coromandel_region: "Coromandel"
 coromandel_region_name: "Coromandel"
 coromandel_region_adj: "Coromandel"
 west_india_region: "Western India"
 west_india_region_name: "Gujarat"
 west_india_region_adj: "Gujarati"
 burma_region: "Burma"
 burma_region_name: "Burma"
 burma_region_adj: "Burmese"
 japan_region: "Japan"
 japan_region_name: "Japan"
 japan_region_adj: "Japanese"
 korea_region: "Korea"
 korea_region_name: "Korea"
 korea_region_adj: "Korean"
 australia_region: "Australia"
 australia_region_name: "Australia"
 australia_region_adj: "Australian"
 new_zealand_region: "New Zealand"
 new_zealand_region_name: "New Zealand"
 new_zealand_region_adj: "New Zealand"
 south_china_region: "South China"
 south_china_region_name: "Guangdong"
 south_china_region_adj: "Guangdongi"
 xinan_region: "Xinan"
 xinan_region_name: "Xinan"
 xinan_region_adj: "Xinan"
 north_china_region: "North China"
 north_china_region_name: "China"
 north_china_region_adj: "Chinese"
 brazil_region: "Brazil"
 brazil_region_name: "Brazil"
 brazil_region_adj: "Brazilian"
 la_plata_region: "La Plata"
 la_plata_region_name: "La Plata"
 la_plata_region_adj: "La Platan"
 upper_peru_region: "Upper Peru"
 upper_peru_region_name: "Bolivia"
 upper_peru_region_adj: "Bolivian"
 colombia_region: "Colombia"
 colombia_region_name: "Colombia"
 colombia_region_adj: "Colombian"
 peru_region: "Peru"
 peru_region_name: "Peru"
 peru_region_adj: "Peruvian"
 indonesia_region: "Indonesia"
 indonesia_region_name: "Indonesia"
 indonesia_region_adj: "Indonesian"
 oceanea_region: "Oceania"
 oceanea_region_name: "Oceania"
 oceanea_region_adj: "Oceanian"
 indo_china_region: "Indochina"
 indo_china_region_name: "Indochina"
 indo_china_region_adj: "Indochinese"
 canada_region: "Canada"
 canada_region_name: "Canada"
 canada_region_adj: "Canadian"
 great_lakes_region: "Great Lakes"
 great_lakes_region_name: "Wisconsin"
 great_lakes_region_adj: "Wisconsinian"
 northeast_america_region: "Northeast"
 northeast_america_region_name: "Pennsylvania"
 northeast_america_region_adj: "Pennsylvanian"
 southeast_america_region: "Southeast"
 southeast_america_region_name: "Virginia"
 southeast_america_region_adj: "Virginian"
 mississippi_region: "Mississippi"
 mississippi_region_name: "Mississippi"
 mississippi_region_adj: "Mississippean"
 choctaw_area: "Tennessee"
 choctaw_area_name: "Choctaw"
 choctaw_area_adj: "Choctaw"
 great_plains_region: "Great Plains"
 great_plains_region_name: "Nebraska"
 great_plains_region_adj: "Nebraskan"
 california_region: "California"
 california_region_name: "California"
 california_region_adj: "Californian"
 cascadia_region: "Cascadia"
 cascadia_region_name: "Cascadia"
 cascadia_region_adj: "Cascadian"
 hudson_bay_region: "Hudson Bay"
 hudson_bay_region_name: "Manitoba"
 hudson_bay_region_adj: "Manitoban"
 mexico_region: "Mexico"
 mexico_region_name: "Mexico"
 mexico_region_adj: "Mexican"
 central_america_region: "Central America"
 central_america_region_name: "Guatemala"
 central_america_region_adj: "Guatemalan"
 carribeans_region: "Caribbeans"
 carribeans_region_name: "Caribbean"
 carribeans_region_adj: "Caribbean"
 south_atlantic_region: "South Atlantic"
 atlantic_south_america_region: "Atlantic South America"
 pacific_south_america_region: "Pacific South America"
 north_west_pacific_region: "North West Pacific"
 south_west_pacific_region: "South West Pacific"
 south_east_pacific_region: "South East Pacific"
 north_east_pacific_region: "North East Pacific"
 east_china_sea_region: "East China Sea"
 south_china_sea_region: "South China Sea"
 east_indian_ocean_region: "Eastern Indian Ocean"
 arabian_sea_region: "Arabian Sea"
 west_indian_ocean_region: "Western Indian Ocean"
 west_african_sea_region: "West African Sea"
 caribbean_sea_region: "Caribbean Sea"
 mediterrenean_region: "Mediterranean"
 american_east_coast_region: "American East Coast"
 north_atlantic_region: "North Atlantic"
 baltic_sea_region: "Baltic Sea"
 south_indian_ocean_area: "South Indian Ocean"
 south_indian_ocean_region: "South Indian Ocean"
 central_africa_region: "Central Africa"
 central_africa_region_name: "Africa"
 central_africa_region_adj: "African"
 europe_superregion: "Western Europe"
 europe_superregion_name: "Francia"
 europe_superregion_adj: "Frank"
 north_america_superregion: "North America"
 north_america_superregion_name: "America"
 north_america_superregion_adj: "American"
 africa_superregion: "Northern Africa"
 africa_superregion_name: "Sahara"
 africa_superregion_adj: "Saharan"
 southern_africa_superregion: "Southern Africa"
 southern_africa_superregion_name: "Greater Kongo"
 southern_africa_superregion_adj: "Greater Kongolese"
 south_america_superregion: "Amazonia"
 south_america_superregion_name: "Amazonia"
 south_america_superregion_adj: "Amazonian"
 andes_superregion: "Andes"
 andes_superregion_name: "Andes"
 andes_superregion_adj: "Andean"
 central_america_superregion: "Central America"
 central_america_superregion_name: "Mexico"
 central_america_superregion_adj: "Mexican"
 china_superregion: "China"
 china_superregion_name: "China"
 china_superregion_adj: "China"
 east_indies_superregion: "East Indies"
 east_indies_superregion_name: "Indonesia"
 east_indies_superregion_adj: "Indonesian"
 india_superregion: "India"
 india_superregion_name: "India"
 india_superregion_adj: "Indian"
 near_east_superregion: "Levant"
 near_east_superregion_name: "Levant"
 near_east_superregion_adj: "Levantine"
 persia_superregion: "Persia"
 persia_superregion_name: "Persia"
 persia_superregion_adj: "Persian"
 kenya_area: "Kenya"
 kenya_area_name: "Kenya"
 kenya_area_adj: "Kenyan"
 andaman_sea_area: "Andaman Sea"
 limpopo_area: "Natal"
 limpopo_area_name: "Natal"
 limpopo_area_adj: "Natalian"
 quelimane_area: "Quelimane"
 quelimane_area_name: "Quelimane"
 quelimane_area_adj: "Quelimanian"
 southern_madagascar: "Southern Madagascar"
 southern_madagascar_name: "Bara"
 southern_madagascar_adj: "Baran"
 sakalava_area: "Sakalava"
 sakalava_area_name: "Sakalava"
 sakalava_area_adj: "Sakalavan"
 betsimasaraka_area: "Betsimasaraka"
 betsimasaraka_area_name: "Betsimasaraka"
 betsimasaraka_area_adj: "Betsimasarakan"
 madagascar_highlands_area: "Madagascar Highlands"
 madagascar_highlands_area_name: "Merina"
 madagascar_highlands_area_adj: "Merinan"
 bothnia_area: "Ostrobothnia"
 bothnia_area_name: "Bothnia"
 bothnia_area_adj: "Bothnian"
 western_ireland_area: "Western Ireland"
 western_ireland_area_name: "Munster"
 western_ireland_area_adj: "Munstrian"
 eastern_ireland_area: "Eastern Ireland"
 eastern_ireland_area_name: "Leinster"
 eastern_ireland_area_adj: "Lenstrian"
 southern_jutland_area: "Southern Denmark"
 southern_jutland_area_name: "Slesvig"
 southern_jutland_area_adj: "Slesvigian"
 eastern_europe_superregion: "Eastern Europe"
 eastern_europe_superregion_name: "Rus"
 eastern_europe_superregion_adj: "Rus"
 tartary_superregion: "Tartary"
 tartary_superregion_name: "Great Tartary"
 tartary_superregion_adj: "Tartarian"
 far_east_superregion: "Far East"
 far_east_superregion_name: "Far East"
 far_east_superregion_adj: "Far Eastern"
 oceania_superregion: "Oceania"
 oceania_superregion_name: "Oceania"
 oceania_superregion_adj: "Oceanian"
 laponia_area: "Laponia"
 laponia_area_name: "Sápmi"
 laponia_area_adj: "Sámi"
 arabian_sea_islands_area: "Arabian Sea Islands"
 arabian_sea_islands_area_name: "Socotra"
 arabian_sea_islands_area_adj: "Socotran"
 ad_dahna_area: "ad-Dahna"
 ad_dahna_area_name: "Arabia"
 ad_dahna_area_adj: "Arabian"
 central_heilongjiang_area: "Central Heilongjiang"
 central_heilongjiang_area_adj: "Aiguni"
 central_heilongjiang_area_name: "Aigun"
 ningguta_area: "Ningguta"
 ningguta_area_adj: "Ninggutan"
 ningguta_area_name: "Ningguta"
 uliastai_area: "Uliastai"
 uliastai_area_adj: "Uliastai"
 uliastai_area_name: "Uliastai"
 tannu_uriankhai_area: "Tannu Uriankhai"
 tannu_uriankhai_area_name: "Tannu Uriankhai"
 tannu_uriankhai_area_adj: "Tannu Uriankhai"
 east_altishahr_area: "East Altishahr"
 east_altishahr_area_adj: "Qarqani"
 east_altishahr_area_name: "Qarqan"
 turpan_kumul_area: "Turpan-Kumul"
 turpan_kumul_area_adj: "Hamiani"
 turpan_kumul_area_name: "Hamian"
 chuanbei_area: "Chuanbei"
 chuanbei_area_adj: "Langzhongi"
 chuanbei_area_name: "Langzhong"
 shanshan_area: "Shanshan"
 shanshan_area_adj: "Shanshani"
 shanshan_area_name: "Shanshan"
 minsk_area: "Minsk"
 minsk_area_adj: "Minskian"
 minsk_area_name: "Minsk"
 tver_area: "Tver"
 tver_area_adj: "Tverian"
 tver_area_name: "Tver"
 yaroslavl_area: "Yaroslavl"
 yaroslavl_area_name: "Yaroslavl"
 yaroslavl_area_adj: "Yarloslavlian"
 vladimir_area: "Vladimir"
 vladimir_area_name: "Vladimir"
 vladimir_area_adj: "Vladimirian"
 oka_area: "Oka"
 oka_area_name: "Tula"
 oka_area_adj: "Tulan"
 arkhangelsk_area: "Arkhangelsk"
 arkhangelsk_area_name: "Arkhangelsk"
 arkhangelsk_area_adj: "Arkhangelskian"
 vologda_area: "Vologda"
 vologda_area_name: "Vologda"
 vologda_area_adj: "Vologdan"
 volga_area: "Volga"
 volga_area_name: "Bolgaria"
 volga_area_adj: "Bolgarian"
 southern_najd_area: "Southern Najd"
 southern_najd_area_name: "Yamamah"
 southern_najd_area_adj: "Yamamahan"
 mahra_area: "Mahra"
 mahra_area_name: "Mahra"
 mahra_area_adj: "Mahran"
 upper_yemen_area: "Upper Yemen"
 upper_yemen_area_name: "Saana"
 upper_yemen_area_adj: "Saanan"
 tihama_al_yemen_area: "Tihama al-Yemen"
 tihama_al_yemen_area_name: "Zabid"
 tihama_al_yemen_area_adj: "Zabidi"
 asir_area: "Asir"
 asir_area_name: "Mikhlaf"
 asir_area_adj: "Mikhlafi"
 mecca_area: "Mecca"
 mecca_area_name: "Mecca"
 mecca_area_adj: "Meccan"
 medina_area: "Medina"
 medina_area_name: "Medina"
 medina_area_adj: "Medinan"
 nafud_area: "An Nafud"
 nafud_area_name: "Shamar"
 nafud_area_adj: "Shamari"
 trans_jordan_area: "Transjordan"
 trans_jordan_area_name: "Jordan"
 trans_jordan_area_adj: "Jordani"
 mascat_area: "Muscat"
 mascat_area_name: "Muscat"
 mascat_area_adj: "Muscati"
 shahrizor_area: "Shahrizor"
 shahrizor_area_name: "Shahrizor"
 shahrizor_area_adj: "Shahrizori"
 cukurova_area: "Çukurova"
 cukurova_area_name: "Çukurova"
 cukurova_area_adj: "Çukurovan"
 syrian_desert_area: "Syrian Desert"
 syrian_desert_area_name: "Palmyra"
 syrian_desert_area_adj: "Palmyran"
 khuzestan_area: "Khuzestan"
 khuzestan_area_name: "Khuzestan"
 khuzestan_area_adj: "Khuzestani"
 kartli_kakheti_area: "Kartli-Kakheti"
 kartli_kakheti_area_name: "Kartli-Kakheti"
 kartli_kakheti_area_adj: "Kartli-Kakhetian"
 samtskhe_area: "Samtskhe"
 samtskhe_area_name: "Samtskhe"
 samtskhe_area_adj: "Samtskhan"
 imereti_area: "Imereti"
 imereti_area_name: "Imereti"
 imereti_area_adj: "Imeretian"
 aegean_archipelago_area: "Aegean Archipelago"
 aegean_archipelago_area_name: "Naxos"
 aegean_archipelago_area_adj: "Naxian"
 germiyan_area: "Germiyan"
 germiyan_area_name: "Germiyan"
 germiyan_area_adj: "Germiyani"
 ankara_area: "Ankara"
 ankara_area_name: "Ankara"
 ankara_area_adj: "Ankaran"
 gulf_of_arabia_area: "Red Sea Hills"
 gulf_of_arabia_area_name: "Suez"
 gulf_of_arabia_area_adj: "Suezian"
 al_wahat_area: "al-Wahat"
 al_wahat_area_name: "al-Wahat"
 al_wahat_area_adj: "al-Wahati"
 delta_area: "Delta"
 delta_area_name: "Rashid"
 delta_area_adj: "Rashidian"
 bahari_area: "Bahari"
 bahari_area_name: "Bahari"
 bahari_area_adj: "Bahari"
 vostani_area: "Vostani"
 vostani_area_name: "Vostani"
 vostani_area_adj: "Vostani"
 said_area: "Said"
 said_area_name: "Said"
 said_area_adj: "Saidi"
 birjand_area: "Birjand"
 birjand_area_name: "Birjand"
 birjand_area_adj: "Birjandi"
 herat_area: "Herat"
 herat_area_name: "Herat"
 herat_area_adj: "Herati"
 mashhad_area: "Mashhad"
 mashhad_area_name: "Khorasan"
 mashhad_area_adj: "Khorasani"
 termez_area: "Khuttalan"
 termez_area_name: "Khuttalan"
 termez_area_adj: "Khuttalani"
 mogostan_area: "Mogostan"
 mogostan_area_name: "Mogostan"
 mogostan_area_adj: "Mogostani"
 west_mindanao_area: "West Mindanao"
 west_mindanao_area_name: "Maguindanao"
 west_mindanao_area_adj: "Maguindanaoan"
 visayas_area: "Visayas"
 visayas_area_name: "Visayas"
 visayas_area_adj: "Visayan"
 palawan_area: "Palawan"
 palawan_area_name: "Palawan"
 palawan_area_adj: "Palawani"
 southern_luzon_area: "Southern Luzon"
 southern_luzon_area_name: "Manila"
 southern_luzon_area_adj: "Manilan"
 eastern_chubu_area: "Eastern Chubu"
 eastern_chubu_area_name: "Suruga"
 eastern_chubu_area_adj: "Surugan"
 munster_area: "Munster"
 munster_area_name: "Munster"
 munster_area_adj: "Munster"
 connacht_area: "Connacht"
 connacht_area_name: "Connacht"
 connacht_area_adj: "Connacht"
 ulster_area: "Ulster"
 ulster_area_name: "Ulster"
 ulster_area_adj: "Ulster"
 leinster_area: "Leinster"
 leinster_area_name: "Leinster"
 leinster_area_adj: "Leinster"
 central_burma_area: "Central Burma"
 central_burma_area_name: "Central Burma"
 central_burma_area_adj: "Central Burmese"
 chindwin_area: "Chindwin"
 chindwin_area_name: "Chindwin"
 chindwin_area_adj: "Chindwin"
 deccan: "Deccan"
 gujarat: "Gujarat"
 lahore: "Lahore"
 burma: "Burma"
 galicia_area: "Galicia"
 galicia_area_name: "Galicia"
 galicia_area_adj: "Galician"
 baleares_area: "Baleares"
 baleares_area_name: "Baleares"
 baleares_area_adj: "Balearic"
 barbary_coast: "Barbary Coast"
 barbary_coast_area: "Barbary Coast"
 barbary_coast_adj: "Barbary"
 rio_grande_region: "Rio Grande"
 rio_grande_region_name: "Rio Grande"
 rio_grande_region_adj: "Rio Grande"
 guatemala_lowlands_area: "Guatemala Lowlands"
 guatemala_lowlands_area_adj: "Lowlander"
 guatemala_lowlands_area_name: "Guatemala Lowlands"
 campeche_area: "Campeche"
 campeche_area_adj: "Campeche"
 campeche_area_name: "Campeche"
 mixteca_area: "Mixteca"
 mixteca_area_adj: "Mixtec"
 mixteca_area_name: "Mixteca"
 tierra_caliente_area: "Tierra Caliente"
 tierra_caliente_area_adj: "Tierra Caliente"
 tierra_caliente_area_name: "Tierra Caliente"
 guanajuato_area: "Guanajuato"
 guanajuato_area_adj: "Guanajuatan"
 guanajuato_area_name: "Guanajuato"
 huasteca_area: "Huasteca"
 huasteca_area_adj: "Huastec"
 huasteca_area_name: "Huasteca"
 zacatecas_area: "Zacatecas"
 zacatecas_area_adj: "Zacatec"
 zacatecas_area_name: "Zacatecas"
 nayarit_area: "Nayarit"
 nayarit_area_name: "Nayarit"
 nayarit_area_adj: "Nayarit"
 chihuahua_area: "Chihuahua"
 chihuahua_area_adj: "Chihuahuan"
 chihuahua_area_name: "Chihuahua"
 pecos_area: "Pecos"
 pecos_area_adj: "Pecosan"
 pecos_area_name: "Pecos"
 sonora_area: "Sonora"
 sonora_area_adj: "Sonoran"
 sonora_area_name: "Sonora"
 northern_california_area: "North California"
 northern_california_area_adj: "North Californian"
 northern_california_area_name: "North California"
 cordillera_occidental_area: "Cordillera Occidental"
 cordillera_occidental_area_adj: "Cordillera Occidental"
 cordillera_occidental_area_name: "Cordillera Occidental"
 colombian_amazonas_area: "Colombian Amazonas"
 colombian_amazonas_area_adj: "Colombian Amazon"
 colombian_amazonas_area_name: "Colombian Amazonas"
 central_llanos_area: "Central Llanos"
 central_llanos_area_adj: "Central Llanos"
 central_llanos_area_name: "Central Llanos"
 dominica_area: "Dominica"
 dominica_area_adj: "Dominican"
 dominica_area_name: "Dominica"
 puebla_area: "Puebla"
 puebla_area_name: "Puebla"
 puebla_area_adj: "Pueblan"
 costa_rica_area: "Costa Rica"
 costa_rica_area_name: "Costa Rica"
 costa_rica_area_adj: "Costa Rican"
 apacheria_area: "Apacheria"
 apacheria_area_adj: "Apacherian"
 apacheria_area_area: "Apacheria"
