l_english:
 banaadir_region: "Banaadir"
 haud_region: "Haud"
 kaffa_region: "Kaffa"
 tigray_region: "Tigray"
 amhara_region: "Amhara"
 maakhir_region: "Maakhir"
 guyana_region: "Guyana"
 venezuela_region: "Venezuela"
 new_andalucia_region: "New Andalucia"
 castilla_del_oro_region: "Castilla del Oro"
 new_granada_region: "New Granada"
 quito_region: "Quito"
 bolivia_region: "Bolivia"
 qullasuyu_region: "Qullasuyu"
 antisuyu_region: "Antisuyu"
 kuntisuyu_region: "Kuntisuyu"
 chinchaysuyu_region: "Chinchaysuyu"
 paraguay_region: "Paraguay"
 pampas_region: "Pampas"
 patagonia_region: "Patagonia"
 cuyo_region: "Cuyo"
 southern_pampas_region: "Southern Pampas"
 buenos_aires_region: "Buenos Aires"
 tucuman_region: "Tucoman"
 chaco_region: "Chaco"
 banda_oriental_region: "Banda Oriental"
 rio_grande_do_sol_region: "Rio Grande do Sul"
 minas_gerais_region: "Minas Gerais"
 goias_region: "Goias"
 mato_grosso_region: "Mato Grosso"
 sao_paolo_region: "Sao Paolo"
 rio_de_janeiro_region: "Rio de Janeiro"
 bahia_region: "Bahia"
 pernambuco_region: "Pernambuco"
 maranhao_region: "Maranhao"
 grao_para_region: "Grao Para"
 transoxiana_region: "Transoxiana"
